Residue ID,RMSF (Ã…)
1,1.8604546878458146
1,2.0347321436379566
1,2.2437278717623603
1,2.298092572829031
1,1.7789190605711123
1,2.032474723097044
1,2.436805647495954
1,2.819261982505553
1,2.6049922005385793
1,3.3354035867284173
1,3.5585386056272084
1,3.922995009151634
1,4.11310311424918
1,4.787531046449821
1,5.06145562250093
1,5.192705507599753
1,5.060144950562438
1,1.638320263189746
1,1.5545513287709458
2,1.7267913239431798
2,1.9351378724136126
2,1.63611478537986
2,1.605613778651685
2,1.6291094760662972
2,1.7009177858481872
2,1.6092526359501629
2,1.8772568668609901
2,1.7589705465503764
2,2.0916626097902355
2,1.6435979835136147
2,2.09798172909212
2,1.962273016936805
2,1.7686766586327924
2,1.6697325015039985
2,1.7774361433182753
3,1.6460194514283157
3,1.6250423564132146
3,1.7091414318135385
3,1.769224223083782
3,1.7572657941076901
3,1.8974966604696237
3,1.919936102631394
3,2.3207771454403527
3,2.7644806073520405
3,2.746795466401827
3,2.4058444446421188
3,2.2942429713272015
3,2.4498626602543494
3,3.2092984358123258
3,3.650649939082707
3,3.6604760373938148
3,3.3977609003600517
3,3.7109360784610534
3,3.586468497998517
3,3.566691367935419
3,1.7210504841002503
3,1.7040088654325192
4,1.8164125671905333
4,1.9087913212045184
4,1.8616882804955828
4,1.8106563393488369
4,1.9700104896376112
4,2.0692879518202765
4,2.5070942302453827
4,2.1203642601121633
4,2.3251116575694635
4,2.4346042695043155
4,2.8514792987519497
4,3.452250194694945
4,3.320612597392721
4,3.090423585521321
4,4.119162472919303
4,1.9235123505995309
4,2.0574286143228186
5,1.881316781653999
5,1.8302931619514289
5,1.9461570996118207
5,2.0138964193756457
5,1.8974755391676736
5,1.8569706850716385
5,2.016273726373808
5,2.2372911381780622
5,2.238676082827531
5,2.1472510822518243
5,1.886629483483522
5,1.894887838283656
5,1.8504685599909692
5,2.019161504309485
5,2.3307854705557993
5,2.293333776394511
5,2.299301152719673
5,2.0410305756042595
5,2.042797352705351
6,2.1729386535784663
6,2.217748888268114
6,2.281823619545748
6,2.2502347600511983
6,2.4760715329811407
6,2.5958312094220184
6,2.5692265268142633
6,2.4964571119399275
6,2.4421511012441544
6,2.503220332961236
6,2.737870746854592
6,2.999348679226856
6,2.9251742030553536
6,2.330450222976397
6,2.4311949260284242
7,2.3002114345451123
7,2.255095088345718
7,2.378928208432561
7,2.3794392415740147
7,2.565078573340115
7,2.6855364562903605
7,2.560338667643655
7,2.8645723414033233
7,3.128130003943431
7,2.3196172092356973
7,2.2329981578354112
8,2.3907991402009428
8,2.4744544436373173
8,2.3901280688504873
8,2.270166334193706
8,2.4896625524260716
8,2.6242912333357467
8,2.452784727678254
8,2.517483350299025
8,2.454365877873264
8,2.6154507600752455
8,2.594915960157932
8,2.871987691925682
8,2.69859713242483
8,2.6406513616942067
8,2.7382300356934306
8,2.892611544947965
8,2.6694417855814043
8,2.6941532420245244
8,2.8471509473105456
8,2.8380821447602176
8,2.473335571407857
8,2.425747146751529
9,2.62846125298711
9,2.6929706922622545
9,2.742946270356953
9,2.7855283651714506
9,2.9732309397989614
9,3.0625464199451975
9,3.1723887848916625
9,3.245333780769386
9,3.1222711517471127
9,3.312874304043158
9,3.289756002995307
9,3.4264058280344716
9,2.6302200472916253
9,2.6391348817850506
10,2.5401571380567125
10,2.563546996555776
10,2.4436818019068047
10,2.5574788864146103
10,2.435947829648136
10,2.358157648470756
10,2.602753365461737
10,2.4130533294376972
10,2.2565428932707476
10,2.2316705321454253
11,2.155640269435646
11,2.1990160923873066
11,2.0276647728411814
11,1.9538104045083222
11,1.9745751609609676
11,2.093161700695702
11,1.972516322537652
11,1.8966406452631357
11,1.9071203097141263
11,2.040130767688336
11,1.9320867117379787
11,2.0961165445076912
11,1.9236531392873308
11,2.000684133206606
11,2.0098545149986875
11,2.2177036461665214
11,2.0117032658370446
11,2.2057128304012483
11,2.092604986041171
11,2.0458396977991424
12,2.2363616083421185
12,2.29141429087457
12,2.340818237749389
12,2.2770212738101328
12,2.509595399274978
12,2.6330869327885433
12,2.58660283675154
12,2.4978447333752194
12,2.7793628860784785
12,2.45630299543228
12,2.9826595683263593
12,3.560030970576367
12,3.375251987881482
12,3.9541858574306765
12,3.3944526187008575
12,2.3905354121556246
12,2.3952299196278966
13,2.454928200184661
13,2.4855526307966733
13,2.517360202706734
13,2.6103902361022806
13,2.6529696033822834
13,2.725475580636962
13,2.5842762441128055
13,2.860248846546018
13,3.186348282573614
13,2.985367420066491
13,2.8571090385317
13,2.9866175615917134
13,3.27069954488181
13,2.3705034271758283
13,2.408400757931516
14,2.2255544132911473
14,2.219596930815469
14,2.09632666421608
14,2.1530166124841723
14,2.004375445946466
14,2.163802295629087
14,1.9314110338233388
14,2.1049855851829333
14,2.0391002399958835
14,2.0247324883613382
15,2.045788552973307
15,2.0801807689606564
15,2.0472120022504923
15,1.966852307441014
15,2.091358479051374
15,2.183322996443401
15,2.245580929788059
15,1.949922838607165
15,1.9348206017655383
15,2.185336490011582
15,2.5816160780994357
15,2.4143057464884885
15,2.346623512467006
15,1.940109685889953
15,2.2774222417471126
15,2.2783121980697714
15,1.9605147143782282
15,2.1657385418062574
15,2.15647842416789
16,2.3104415695451923
16,2.3476208785842427
16,2.450590360760589
16,2.4822690159905565
16,2.626191931684532
16,2.7438995651093143
16,2.623321008120919
16,2.7187062860879316
16,3.059105626077811
16,2.6408088188582406
16,2.4334328530149185
16,2.5084594018957467
17,2.368128526696847
17,2.3447165290138727
17,2.366068372136066
17,2.502470981176713
17,2.380476894449137
17,2.610814563481075
17,2.5034245749671804
17,2.541366691852959
17,2.244695975557157
17,2.3075567325311432
18,2.116714660894421
18,2.1201707721816003
18,2.0335271840273594
18,2.0395816349109097
18,1.9405585384923403
18,2.3858707023177494
18,1.9932079403272172
18,2.0086348777949
18,2.114641978141832
18,2.1462431378238054
19,2.2261187040852635
19,2.260717390678449
19,2.3632049809430287
19,2.4509875398047125
19,2.490886600884693
19,2.287864018344603
19,2.269854059012732
20,2.3163708237862144
20,2.4036033296282517
20,2.3103210364467333
20,2.347976460993962
20,2.525638655684737
20,2.674614757220503
20,2.5852595945778103
20,2.5935422237281642
20,2.609358164795324
20,3.022139815005633
20,2.1477662816883627
20,2.1804346303011637
21,2.0419866162523643
21,2.085298686647915
21,1.931705547293548
21,1.9763190192165683
21,1.9432038944218712
21,1.9093186820465449
21,1.9469068954030821
21,2.0979832500181215
21,2.1950423865709845
21,2.154063807570074
21,2.161046360547496
21,2.3646747652059648
21,2.0463994858654746
21,2.5465442378267085
21,2.6827858827247724
21,2.9248751698755537
21,2.639128158266225
21,2.7913181544630405
21,2.9581685510265
21,2.760453546638682
21,1.8146655572185642
21,1.8155881522801796
22,1.7567829485528916
22,1.8017690343327324
22,1.6683490996473642
22,1.6882106648118196
22,1.6854531868845102
22,1.7059608036189777
22,1.7701947565183296
22,1.655839592526448
22,1.6245949257319903
22,1.7074498491334704
22,2.137979327473833
22,1.9030051824424392
22,1.9854802073462703
22,1.7224159599265252
22,1.9730331889916541
22,1.8950369059872587
22,2.056653127269184
22,1.5927074309828566
22,1.6123279430747983
23,1.5563805738609766
23,1.5976559123260439
23,1.5002401418844713
23,1.4874317091987264
23,1.5498449335703839
23,1.6237359515441248
23,1.561350960842416
23,1.8093613163283022
23,1.8573868246236365
23,1.802527387266499
23,1.6319836623043473
23,2.0818809887528045
23,1.801013303888041
23,1.9898234324070758
23,1.4736570247011278
23,1.5311709907406386
24,1.4290407035629673
24,1.4295078479733907
24,1.4228871732245674
24,1.463440505172124
24,1.4550973085116938
24,1.4565512085914318
24,1.5181857653573132
24,1.8524965438006826
24,1.7775069732557414
24,1.7694114703599069
24,1.5258983490742115
24,1.7716911064021588
24,1.987239245937695
24,1.7413767085112375
24,1.390655153915776
24,1.3948913378996188
25,1.4103348909371443
25,1.4537114807037756
25,1.4176784771335325
25,1.4100088441788607
25,1.4831479726729564
25,1.53393238721796
25,1.5442628744978968
25,1.8144816946901872
25,1.7017927572906582
25,1.7443656730247514
25,1.5237227958017479
25,1.6101553879710906
25,1.8844671465226959
25,1.7850709564664775
25,1.4300068218695865
25,1.4959482695340622
26,1.4204542600380314
26,1.4286056242670653
26,1.4518375241161037
26,1.4931043672141227
26,1.4725535314575533
26,1.5005997466771486
26,1.494026981311848
26,1.5729522575139459
26,2.1162829113078288
26,1.6291441631992047
26,1.4823951581245187
26,1.4933389090390092
27,1.557748566947496
27,1.5970831968677246
27,1.6265208393692618
27,1.6287649626713698
27,1.7181997408391836
27,1.8021931727749698
27,1.7559228181023379
27,1.7166771364787345
27,1.823430149887747
27,1.912274009606311
27,1.8910716332103994
27,2.037073383979137
27,1.824636496059534
27,1.901713300938331
27,1.700422278669726
27,1.7185581634821854
27,1.740850027304095
27,1.7709047677719294
27,1.6693858497626073
27,1.760007115060784
28,1.675416762371029
28,1.6930660419683075
28,1.7091561069592618
28,1.7566262468285667
28,1.7365533892693459
28,1.7779743734856563
28,1.9070861298912822
28,1.8506447641279986
28,2.1500550940512104
28,1.767804500041787
28,1.8296832388469488
29,1.8265839057741724
29,1.8526850669041761
29,1.9078646719901986
29,1.9232893032090568
29,2.005553955228924
29,2.2748020422934836
29,2.3154180954148975
29,2.211924275251984
29,1.9420291785637884
29,1.9406087094510571
30,2.022133483737016
30,2.058108857653576
30,2.0755130575737626
30,2.0358607937794235
30,2.2003127300733065
30,2.1835348484558157
30,2.542149317180172
30,2.7397039892282535
30,2.6912462335602325
30,2.9500937550285187
30,3.079208647744969
30,3.1319430856699912
30,2.115245845936053
30,2.1456822970228986
31,2.164454298265822
31,2.181397653024669
31,2.2474837921932074
31,2.288275660047052
31,2.3908381977470445
31,2.4613341401115063
31,2.481043349763909
31,2.405278309249465
31,2.4704702525751028
31,2.5327748755361883
31,2.514235740024152
31,2.605371496433422
31,2.485246860276556
31,2.4252852505957603
31,2.4654180948716644
31,2.4780655660418875
31,2.554482981005622
31,2.639670042559568
31,2.5589078927039304
31,2.635994121309624
31,2.585845631822867
31,2.6882598817486127
31,2.2057791003325087
31,2.3165210518514807
32,2.098587912981714
32,2.0595664768594317
32,2.088789961254376
32,2.1807356656625614
32,2.010846412139281
32,1.9660526423968112
32,2.039665647874363
32,2.031076341859386
32,2.109554460690371
32,2.095875903867624
33,2.2220935381146285
33,2.3043595209198795
33,2.3070560624787455
33,2.434060356602085
33,2.3168596627419773
33,2.2842825325513396
33,2.300846355360595
34,2.2933956448806323
34,2.3990725644979447
34,2.3738610191893486
34,2.487558575325726
34,2.3123591114411424
34,2.413217731471066
34,2.3957024955143784
34,2.5917555779334895
34,2.3625458076564767
34,2.5519535631309846
34,2.7360479692757838
34,2.826647413715647
34,2.184251306657317
34,2.2235210292591923
35,2.0673570644254275
35,2.0840518737420224
35,1.958453568259412
35,1.950903157347309
35,1.8827262897679846
35,1.8362071093154024
35,1.9223607945645425
35,1.8946180881579393
35,1.9761812500797815
35,1.9580930805705006
36,2.0518366294328234
36,2.0981167990608762
36,2.1009908708634817
36,2.0671317243905096
36,2.158001011725873
36,2.2327706569370447
36,2.2318044482678743
36,2.118070977707671
36,2.1293777890785655
36,2.1386415745309897
36,2.205018903319804
36,2.3143892124179843
36,2.3578473862372156
36,2.2047248074831405
36,2.431665678566201
36,2.3061159854771724
36,2.354814542484079
36,2.6531611412955054
36,2.5660362572891016
36,2.684152142621658
36,2.2049276915339817
36,2.2795692448877
37,2.2685400348255333
37,2.2683754901808597
37,2.3881582455178743
37,2.503945636670345
37,2.5582207309811063
37,2.6952825055260385
37,2.5389985616744655
37,2.705225036141001
37,2.7535177124096473
37,2.5994311030290156
37,3.763932745726051
37,4.098754105099432
37,4.381281840704098
37,4.408583782891137
37,4.328666251771319
37,2.278008364642257
37,2.4024737469508315
38,2.113939976720441
38,2.0967829284411734
38,2.030980854482228
38,2.100789015991966
38,2.012961948088329
38,2.1380186165000015
38,1.9594978110301084
38,2.27219665702747
38,2.1398215267355867
38,2.141609334127609
38,1.9736204694017858
38,2.146195520222517
38,1.9342537076745434
38,2.4324339984599312
38,2.6941688672658604
38,2.859065857273025
38,2.8293085021651447
38,1.9332558997094194
38,1.9224882956280829
39,1.9020588648686045
39,1.933955053090564
39,1.8500170340455337
39,1.8166662312937456
39,1.879042660239423
39,1.913480568873612
39,1.9528141300668393
39,1.8902409748335254
39,2.1656793820058127
39,1.9673059101615993
39,1.8173079543580022
39,1.9163800268360738
39,2.023215447036695
39,1.8429184486037657
39,2.023718416986925
39,1.9217524611887544
39,1.9183996509721242
39,2.145927166649853
39,2.2205523489771
39,1.789923652775842
39,1.8683093248372544
39,1.8252217506025137
40,1.9684036320868568
40,2.0498158862475897
40,2.0889614536691816
40,2.0917229298966906
40,2.0281065446682742
40,2.0137559893536223
40,2.1694335238916067
40,2.2692652083439993
40,2.2802901061563556
40,2.1637892826199314
40,2.2911251308346414
40,2.2804679206104033
40,2.0127374487795486
40,2.0193780498174023
41,2.029004641956192
41,2.0544055973929463
41,2.0405322757831046
41,2.1142819145675134
41,2.1342866342097198
41,2.1057228728923554
41,2.254785326615198
41,2.1792681157919365
41,2.3377154099908486
41,2.428786676177375
41,2.4363055381985292
41,2.5922140773282463
41,2.3796443137073964
41,2.489209265728014
41,2.1374298850646283
41,2.079319564035879
41,2.2393151344695847
41,2.2532365988530785
41,1.9178376168611349
41,1.9283142311255084
42,1.8239773278171705
42,1.8443478145758176
42,1.7201324513985503
42,1.7379977480039375
42,1.6763164783396451
42,1.7177598563709808
42,1.7597890759396035
42,1.5615527937225484
42,1.6091411220222436
42,1.7626462507937044
42,1.5602905080075096
42,1.6841701576904655
42,1.4663645850713458
42,1.5012588046978563
42,1.5214390585790827
42,1.6154475186900186
42,1.4745752041124849
42,1.53453419557935
42,1.69154297082058
42,1.6646586624453061
43,1.7394880935360615
43,1.7800694091569038
43,1.7742342008855567
43,1.732150837815965
43,1.8712848949252685
43,1.9551298975464975
43,1.8860166847603719
43,2.1563116425384856
43,2.4652872999059023
43,1.9298798814674383
43,2.183886649666654
43,2.419545677847328
43,2.1838417705454276
43,2.105146905054776
43,2.4045763428702878
43,1.8380908764829023
43,1.841007325601059
44,1.919056616045055
44,1.9394286558073894
44,2.011397800253808
44,2.060805204288288
44,2.175904935708599
44,2.2781724279872737
44,2.255740735131703
44,2.2445404130034925
44,2.2083955728580262
44,1.9483415593049556
44,1.9959533300240395
45,1.8691822455269682
45,1.8616131859757867
45,1.8227482826351267
45,1.9085472796989782
45,1.790105145832249
45,1.8002363547251157
45,1.74100104209826
45,1.8927392117575248
45,1.9316715713519392
45,1.9150529414922002
45,2.219222728516005
45,2.078216257205251
45,2.2832406740827733
45,2.077955280648579
45,2.0814719422403085
45,2.3469577058296034
45,2.577181492799813
45,1.750454824879012
45,1.769700514587502
46,1.7058402430437172
46,1.7231627047698446
46,1.6790724283199805
46,1.6450678098853901
46,1.6568773325721367
46,1.6345609717872456
46,1.6652051837268116
46,1.7304731534300468
46,1.7541439601154327
46,1.7838702035360168
46,1.8318795993327335
47,1.875761572661635
47,1.8920802520390145
47,2.00732378016646
47,2.046581976290256
47,2.130018929424227
47,2.236774821449494
47,2.1557731366830013
47,2.18821698814605
47,2.1532526016854487
47,2.232430941433844
47,2.3877603023286316
47,2.688501074804588
47,2.744613349544278
47,2.0402172806545202
47,2.124810114395931
48,2.0285487212951923
48,2.016087041735623
48,2.0952603154854668
48,2.1932854117681946
48,2.127035644877558
48,2.402620389055326
48,2.3211906797227346
48,2.065178468324091
48,2.183808967561396
48,2.3410632367449487
48,2.065512008450995
48,2.078322412282945
48,2.194482231717596
48,2.314572517718168
48,2.6072657107761223
48,2.460615524877143
48,2.3673003101674275
48,2.7006512315601676
48,2.5333987995697815
48,2.4568996996354007
48,2.0774253348312923
48,2.183409689681119
49,1.9876675143448603
49,1.9530918979584184
49,1.9832012186140309
49,2.1050398271404664
49,1.9246546540679905
49,1.9604027517055318
49,1.850032715080422
49,2.0057302751022594
49,1.9638819186968506
49,1.917902635160454
49,2.0901822697910597
49,2.1223950819562876
49,2.2641297266741987
49,2.4434781920657684
49,2.575312945953725
49,2.2214942299864187
49,2.3523869343035155
49,2.355021404659319
49,2.5817853562058724
49,1.9455674392150781
49,1.8796716241680713
50,2.060090591659176
50,2.191520811315793
50,2.0775603924568626
50,2.0480365528180586
50,2.3200943864568275
50,2.6727270061405477
50,2.524100270813549
50,2.4311670988966356
50,2.5057737122018184
50,2.0108664173904125
50,2.042524122695064
51,1.9930030424801388
51,2.0434357332228767
51,1.9783465109320675
51,2.016020191270896
51,2.1104530431088646
51,2.2413048499263004
51,2.337375749797896
51,2.11155681602462
51,2.1844571129145156
51,2.356568660199747
51,2.7856775538429335
51,2.3904936684823355
51,1.8724522623283624
51,1.9491872824282135
52,1.7667479944069464
52,1.7938752531787685
52,1.683620773197119
52,1.6974450018635152
52,1.6933601398146838
52,1.7217345005875906
52,1.6357648454132772
52,1.905487309891297
52,1.808835705469956
52,1.6913157799252323
52,1.7979311062937937
52,2.055164285081846
52,2.0368157476148245
52,2.179422333992749
52,1.6267865724162338
52,1.6612295113284414
53,1.5853823916835919
53,1.5957279406009626
53,1.5563487841151256
53,1.599748959656682
53,1.6106397524886364
53,1.6144303123626798
53,1.658544445218263
53,1.988929595199222
53,2.067078986628379
53,1.8051952401819586
53,1.7451426787657927
53,1.7459516089525544
53,2.117959628160458
53,2.271044352360651
53,2.6923878471174745
53,2.604022950247205
53,2.7167839310142727
53,1.4815089192549498
53,1.4833012656514029
54,1.4581294218889402
54,1.4982991616063746
54,1.425947484705222
54,1.4096403817819216
54,1.463226701005186
54,1.490355979069269
54,1.5243126491408576
54,1.4677515419600538
54,1.5446160509280897
54,1.6397035989903288
54,1.599030596123981
54,1.705095040413008
54,1.6075205968005999
54,1.7039039065975405
54,1.52317190203425
54,1.593569122417259
54,1.6052082446199951
54,1.7419590034394037
54,1.4433790901640284
54,1.5062854488344162
55,1.4246567806658073
55,1.4089312683540907
55,1.457380296132469
55,1.5037713328430844
55,1.5089975567733227
55,1.6466701753956137
55,1.5336033098116169
55,1.549008671763426
55,1.8942514765855836
55,1.9812971785024172
55,2.4828657579010787
55,2.0659035780883377
55,2.3298220210510796
55,1.851258964302709
55,2.3539037644575735
55,2.2400716445298348
55,2.2325812592221266
55,1.4360308093293954
55,1.430866767812308
56,1.482498499627992
56,1.5566075146490113
56,1.4879246236649235
56,1.4732020536590602
56,1.528199874581981
56,1.7537913712269784
56,1.6587522050799643
56,1.7845512177682838
56,2.0345524752309396
56,2.1396282037183756
56,1.808230446920362
56,2.0364585005109452
56,1.8703262484191545
56,1.5394543586157305
56,1.6323281105098797
57,1.538002522426135
57,1.527916852550126
57,1.605452513381795
57,1.6382288717045792
57,1.6444808010326573
57,1.9429601507210759
57,1.9722637973585995
57,2.455674898516907
57,2.146591646748655
57,2.354754908116036
57,2.108099840129069
57,2.410392681614506
57,2.747166757404877
57,2.285661079429439
57,1.659200209389798
57,1.6723358510564121
58,1.7462470502170304
58,1.7911257590978884
58,1.8384183540953491
58,1.8427527799937724
58,1.9254694837926447
58,1.9339383135275927
58,1.9243880592845723
58,2.0691111439310355
58,2.1594376138727194
58,2.226788431784229
58,1.894913794564475
58,1.969234197987324
59,1.905198055300179
59,1.9005797372334765
59,1.9657349398754604
59,1.9712319523731396
59,1.99502844496454
59,2.066092532251882
59,1.9492450311419998
59,2.3168074352426293
59,2.118210797794557
59,2.117845691848792
59,2.037592426801923
59,2.1835924424822855
59,2.291607933189881
59,2.367076241508371
59,2.038025681410042
59,2.1403147225343595
60,2.0229838913047935
60,1.9914699624491092
60,2.086329094177228
60,2.15433751714508
60,2.093827622719929
60,2.174956846571506
60,2.2374248769704597
60,2.053798281932814
60,2.128774905768341
60,2.1365020172933926
60,2.1500679152142474
60,2.2912334422248204
61,2.0980413022416604
61,2.0386162974025654
61,2.1742578495860734
61,2.228089860073978
61,2.2108314394171416
61,2.3087837586761846
61,2.185713941354834
61,2.2688923943700243
61,2.347543538762382
61,2.3506466722234216
61,2.2215359517762194
61,2.386079282574146
62,2.1350565049449477
62,2.0811058772330857
62,2.1779992644452775
62,2.2866155484334048
62,2.1353152498849246
62,2.208036256743032
62,2.098399267389296
62,2.2675441481449976
62,2.5339099724395564
62,2.1824471726323846
62,2.140312999796353
63,2.2775799705953874
63,2.3413817046786005
63,2.3283863586815716
63,2.2691639644276695
63,2.4330678322895114
63,2.4964608790659937
63,2.518495554815682
63,2.418650731755639
63,2.462239974323082
63,2.381580972573054
63,2.5595474043521134
63,2.7911867919387072
63,2.8548673420534825
63,3.0051809319970375
63,3.155963520156481
63,2.3863113988016695
63,2.390726127201889
64,2.461277313151368
64,2.4914513643325025
64,2.5340352778455006
64,2.60445626818597
64,2.6493496281411284
64,2.6280194429469463
64,2.72109170303515
64,2.7929735225370638
64,2.817255986303704
64,3.2213726924467343
64,2.4356027692673177
64,2.4609591943548486
65,2.330072859877804
65,2.333314981391247
65,2.2242935366529086
65,2.2677363070103684
65,2.150275964029036
65,2.1695565609942955
65,2.1761048438608235
65,2.449730843724104
65,2.3486310546430507
65,2.201849826886525
65,2.2285713558541747
65,2.31499052144382
65,2.463728648096545
65,2.596010636126054
65,2.174739230426815
65,2.171844622354837
66,2.16897765137233
66,2.1908125798561744
66,2.1637622667187513
66,2.1003096808423054
66,2.186965769998832
66,2.274329587541373
66,2.1532169331056243
66,2.204691131219242
66,2.2659840438513
66,2.2706708592838294
67,2.3804877453275846
67,2.410085631774164
67,2.5046407549346994
67,2.543865873571301
67,2.6440097519345067
67,2.72125443345884
67,2.625486170486558
67,2.7600573344157526
67,3.196356503317444
67,2.506571592995679
67,2.575746530918786
68,2.457091374140342
68,2.4333176924801188
68,2.477877608648868
68,2.5966380231612494
68,2.4789693387237
68,2.566608758860283
68,2.549266385593255
68,2.512943818892876
68,2.625780775767132
68,2.66702748485265
68,2.5887066171109683
68,2.8960213391955163
68,2.8437918528947774
68,2.3896445173312757
68,2.4516754468952375
69,2.267416865052537
69,2.2383201316374945
69,2.1877746707336736
69,2.2280314297927397
69,2.0688399401518742
69,2.0593644507244626
69,2.0537046561364214
69,2.0740612085123744
69,2.536111468517038
69,2.220853546687123
69,2.204174071501643
70,2.3126494513469242
70,2.366612243019335
70,2.39803928301768
70,2.474985447249674
70,2.5355200547147194
70,2.639565557217452
70,2.486796867240968
70,2.6849873911488555
70,2.661606531155854
70,2.7843483683668304
70,2.8607014948213756
70,3.1757168793274255
70,3.1151153367903848
70,2.326834315826447
70,2.420660916691394
71,2.2206651250539595
71,2.228547781418673
71,2.1560113287848544
71,2.161833115808437
71,2.09569514914879
71,2.1394353292152655
71,2.0806436386828255
71,2.126118526978743
71,2.444699782371948
71,2.215670323277857
71,2.1080102532804808
71,2.098098000713213
71,2.365718379149471
71,2.5944070748707535
71,2.206592954885988
71,2.2679830677672568
72,2.242457276757376
72,2.238827754831888
72,2.3395219040793416
72,2.4104506867531703
72,2.4660545198992945
72,2.5796926825202946
72,2.455993688131097
72,2.579134313620667
72,2.5352352306758013
72,2.6936743174102284
72,2.813041475869768
72,2.978520528555605
72,2.8487624887799643
72,3.03098095381635
72,3.1952731246911905
72,3.2364550594210133
72,3.0122457981654676
72,3.2246423167141387
72,3.2419409578473246
72,3.056562157649896
72,2.326994443661782
72,2.4948708205265078
73,2.22408902184161
73,2.213142938170733
73,2.230915653134765
73,2.321691749943101
73,2.2959190134895273
73,2.3602053255668607
73,2.3842868669157595
73,2.5269917086822145
73,2.9098770079272644
73,2.122058487010275
73,2.083640717998433
74,2.1050472394533086
74,2.1764373548341545
74,2.0249322170932693
74,1.9871938087069145
74,2.0244008331739534
74,2.021949006882707
74,2.0894610804761418
74,2.0402004869831094
74,2.0803425753292917
74,2.097426099387573
74,2.0653400865845666
74,2.181948757799754
74,2.3848455856646966
74,2.5273543272736854
74,2.462407160236166
74,2.042018219224226
74,2.1432204145818656
75,1.9955408751275971
75,2.0692104870636907
75,2.1603162654920274
75,2.128723739925336
75,1.9136362077285287
75,1.8951679982862062
75,1.9423255881419579
75,1.9677708304486947
75,2.0249736268892065
75,2.074211024167787
75,2.241990622842936
75,2.2170511192977242
75,1.9109362131185919
75,2.0019316152563285
76,1.851433720370529
76,1.830113253513335
76,1.8537801587140827
76,1.9212372346498077
76,1.9229571274183734
76,1.923204006764888
76,2.0581252411628843
76,2.072337578364782
76,1.9412714884242843
76,2.1176641647578696
76,1.944968021051071
76,2.054411874640337
76,1.7368379287816869
76,1.6884377871390965
77,1.7411035565135924
77,1.8338769326412439
77,1.6540573573879613
77,1.5888811969129146
77,1.7005781242983087
77,1.6720111219960545
77,1.8073337502611764
77,1.708466917155235
77,1.6552773496179294
77,1.6254659957710236
77,1.7029004133612817
77,1.7159381096682935
77,1.7923890283321038
77,1.8579447731253116
77,1.8202381249398216
77,1.9167417557951751
77,1.8584532081036171
77,1.978973606125857
77,1.6720635320991826
77,1.7830873474699076
78,1.6079610733806953
78,1.5699208244768563
78,1.6396917891270548
78,1.7212011200974489
78,1.6764804224698444
78,1.7207972902927418
78,1.6412285095662023
78,1.7853226088107463
78,1.809689816393754
78,1.8804362930001413
78,1.8564077859729295
78,1.8939592551647648
78,2.005694577510393
78,2.1179452491067696
78,2.0780219002066223
78,1.5885133849063138
78,1.5457808813989387
79,1.6405843733241017
79,1.725590300319157
79,1.6106466919004188
79,1.548891712504644
79,1.6837805113138369
79,1.696608585066466
79,1.7760927068518855
79,1.700894009396792
79,1.8365661367308215
79,1.9909118485043986
79,1.9074894973341308
79,2.096954983679581
79,1.8559941696897535
79,1.9628412323255457
79,1.7396256470562252
79,1.832999946185741
79,1.820420799362581
79,1.9696216270424605
79,1.6546436480393405
79,1.759261050541828
80,1.616553317961165
80,1.571817327825792
80,1.680803888859456
80,1.7551386117266234
80,1.6963952423335091
80,1.7972056542767214
80,1.6671510006741859
80,1.7134944580582192
80,1.6618409657182502
80,1.641570834405131
80,1.7211365145286592
80,1.7432495105632468
80,1.8480974341014842
80,1.9398873472806921
80,1.8692751807616519
80,1.9880525403926301
80,1.9403969808365529
80,2.1184971343515575
80,1.683694791060799
80,1.654643686604529
81,1.7560229049267801
81,1.8210428179867302
81,1.7852429753062364
81,1.757519637960397
81,1.821179611528269
81,2.056094148565553
81,1.9429129231531015
81,2.028972607577013
81,2.2949411111503912
81,2.375020851024302
81,2.041993441847986
81,2.353883990790326
81,2.4918216116427057
81,2.1737788271120038
81,2.666080216326281
81,2.551358800970676
81,2.1984440114092254
81,2.4279352363974143
81,2.3851615221674995
81,2.4632501155069946
81,1.8989174802530056
81,2.0079980906066623
82,1.9367314975246468
82,1.9010458535099566
82,2.084458136061895
82,2.118803604747027
82,2.182834121347908
82,2.3274195491972125
82,2.2220687625166904
82,2.1660206969508637
82,2.1062048562325404
82,2.1973555078357627
82,2.546600147998767
82,3.0431608652583377
82,2.6068011845251537
82,3.034181667649584
82,3.159253368565225
82,3.495124396266809
82,3.525923080744858
82,3.7903315492086502
82,3.778123792350384
82,3.836674305152721
82,2.1917862156134085
82,2.401610609360693
83,2.118634785993006
83,2.0288344661863755
83,2.2258961683318317
83,2.4226138021933536
83,2.2017096691910103
83,2.211585304034483
83,2.3627507200667344
84,2.1347038674701087
84,2.108656467832815
84,2.1927658070996707
84,2.2870181474989844
84,2.3769339391040503
84,2.5097071667527517
84,2.348721282595053
84,2.7218890788170325
84,2.772358582129339
84,3.0542669785374703
84,3.3081496778671466
84,3.6830395722256313
84,3.9606600722341967
84,4.133132754139226
84,4.519347800138027
84,2.0406058100501077
84,1.9438734041396868
85,2.081962384612206
85,2.2040220619780775
85,2.0063321872003415
85,1.9093913158899976
85,2.0700125853977136
85,2.2089621731725586
85,2.0712012704208824
85,2.0603898652549395
85,2.00944511197092
85,2.136409159565456
85,2.1556650073474963
85,2.476932616838039
85,2.437613780465647
85,2.2791034876250613
85,2.5910796910614335
85,2.613413137079593
85,2.3429214169490398
85,2.4889827493511225
85,2.2290832016724162
85,2.576015463281326
85,2.0552762771337254
85,2.2190672189464604
86,1.9623158704154553
86,1.879208087848294
86,2.0227462420749704
86,2.113652293299251
86,1.9920019525441621
86,2.062267539035875
86,2.0470482672728187
86,2.207122263968848
86,2.3413379278162214
86,2.316013586312766
86,1.8883523464678655
86,2.2926496537186063
86,2.1662934690570483
86,1.9323127774590627
86,2.0498723647824257
86,2.158333941273618
87,2.0057205676571552
87,1.9658253792755913
87,2.06232850966533
87,2.089431262632913
87,2.1762028015495316
87,1.9914656146565741
87,1.9120034276996127
88,2.07121819873534
88,2.1805580103968722
88,2.0568922065335222
88,1.9431883169857411
88,2.160547774021336
88,2.3621399575989246
88,2.1250021567270254
88,2.1892875876378612
88,2.073419429460928
88,2.3432839960356855
88,2.302971456066396
88,2.6138172347357447
88,2.544227917705247
88,2.192398443093028
88,2.4008911011922893
89,2.139601796504282
89,2.0107167545433424
89,2.343395228357586
89,2.563290429122775
89,2.521689518422321
89,2.833739685153542
89,2.837726400861509
89,2.371445979801617
89,2.5676757130452157
89,2.8984545515113744
89,2.699172872497447
89,3.0818694625542418
89,2.6644677347045302
89,2.947200561363998
89,2.498134693146443
89,2.7739739583049703
89,2.653428615600446
89,3.0313001946442775
89,2.2460545865586115
89,2.1065399771126527
90,2.361291951810525
90,2.521858808106797
90,2.3014713022042583
90,2.180967265271867
90,2.391544628487517
90,2.3911557508001833
90,2.5397901714105338
90,2.3632448895157654
90,2.2549558212997267
90,2.373027111952141
90,2.596625586775594
91,2.5839083712583513
91,2.906549632133321
91,2.679879649015722
91,2.8850217784461267
91,2.8249138486581593
91,2.4652346868312147
91,2.337485363955106
92,2.5774422735850258
92,2.8041585967270857
92,2.4881876312337927
92,2.3911137262677538
92,2.5868471767342958
92,3.0548256162079896
92,2.7992513645017025
92,2.457148468998903
92,2.5676384846493976
92,2.768887238961963
93,2.554494767857958
93,2.592172867967405
93,2.6214832067430103
93,2.6794375819104106
93,2.799189317419788
93,2.766922967548293
93,2.9273533538194534
93,2.9101244047516235
93,3.0302451379438557
93,3.0735610422747546
93,3.1850634573456182
93,3.1911630515217246
93,2.4994850768945667
93,2.4245806306929283
94,2.5126367625997026
94,2.5952864349204816
94,2.4359917451186375
94,2.331625193408386
94,2.4990289181526797
94,2.482878593084285
94,2.6247840138704106
94,2.469812622314206
94,2.503283643924697
94,2.4295259536825067
94,2.5332939761173896
94,2.7540727153606444
94,2.6125431546370907
94,3.0808293660853003
94,3.5267319656793137
94,3.5135807159312558
94,3.231167717464793
94,3.283231782356241
94,3.4974119123500094
94,3.49610241112392
94,2.4622193057639095
94,2.378797508428354
95,2.6090485126638567
95,2.6833708059822463
95,2.6805647574032263
95,2.662863690908309
95,2.9140301418023475
95,2.989538398782341
95,3.009105168082468
95,3.0693724903886994
95,3.111643983059729
95,3.079291089831179
95,3.3371441681377663
95,3.5917296593750794
95,3.6552757785085617
95,2.596963272073261
95,2.5552064565302954
96,2.596214748072934
96,2.6649004417620095
96,2.543458153679571
96,2.6186990011009867
96,2.624716941963187
96,2.5008840889122492
96,2.702103532157289
96,3.3237747121256724
96,3.76724850811178
96,3.6349959141565593
96,3.453529323109034
96,3.4895173947511267
96,3.4002021258398245
96,3.7708513990138877
96,3.4130411291153187
96,4.272212043892828
96,4.34006308806721
96,4.69240641289204
96,4.590604125553229
96,4.600821126421412
96,2.3447904455683064
96,2.30287729765105
97,2.241285419105134
97,2.2938719984864173
97,2.0768616839430245
97,2.0595177878806323
97,2.0142341311157126
97,2.074933373479539
97,2.07388256071837
97,1.8695620972086109
97,1.8651451741919673
97,1.8456286883388102
97,2.1348511814963502
97,2.221043196312597
97,1.9861113969082302
97,1.8713787621338012
97,2.0366870688031824
97,2.170577794027274
97,2.065513486480489
97,2.029823451010762
97,1.9740496511869448
98,2.0924457434174855
98,2.1565886738515934
98,2.095109539552207
98,2.014653883061319
98,2.1687633833163953
98,2.278999947094206
98,2.1373397682542175
98,2.2227265270853325
98,2.210615250882537
98,2.353073313235608
98,2.269439321334154
98,2.433904026279326
98,2.2739816967839546
98,2.167709324565196
98,2.1366149722372634
99,2.2930054517181304
99,2.3443442597260824
99,2.3812501139605056
99,2.424929623033611
99,2.551315863541113
99,2.9590391002223164
99,2.3988343812150656
99,2.9794930673651487
99,2.2912871857237853
99,2.3126560470764885
100,2.2098763645370796
100,2.221576265264886
100,2.141636212616225
100,2.221727717684326
100,2.1228358099897697
100,2.0627775237001855
100,2.2683927746894104
100,2.2963081385425688
100,2.1205454722018695
100,2.2283873870076425
100,2.314081323463266
100,2.1814287108272477
100,2.0384843254029343
100,2.0506998837023707
101,1.9714241269744215
101,1.985430245498011
101,1.9143769138710243
101,1.8880131425594804
101,1.8870633057631585
101,1.9603845985022246
101,1.9185286887965416
101,2.1673720477623384
101,2.2240089996987167
101,2.1589478713105836
101,1.843415449165
101,1.899319538500276
101,1.8480003936585716
101,1.8706714566130107
101,2.0424557416530162
101,2.2086779305650173
101,2.2117869616506725
101,1.9896583502696785
101,1.9995395011381139
102,2.0885077946525668
102,2.1114157067542587
102,2.2030247335422946
102,2.1916430539879865
102,2.3422537824563285
102,2.5182129182644397
102,2.574754793223464
102,2.597719991750636
102,3.1831097445238448
102,2.8174028645589386
102,3.229192825115606
102,2.9443368994581554
102,2.271630170594497
102,2.3599087237824654
103,2.269078875144351
103,2.2496127929426413
103,2.3406784896561237
103,2.4674293974365304
103,2.4304248651347646
103,2.4963682803750933
103,2.436056433448875
103,2.750161797207457
103,3.0005273221286264
103,3.019080637041586
103,2.955244916517399
103,2.9791652949142184
103,3.567938787840335
103,2.2399125209051554
103,2.308963457292649
104,2.1119757317410364
104,2.0899779637561338
104,2.056095595622778
104,2.1301753887475523
104,1.9913087936653018
104,2.0036099347808034
104,1.9455129377684026
104,2.056053789703446
104,2.108402773230504
104,2.0289740316723526
104,1.9202978410376352
104,2.349506986468146
104,2.4706363879382525
104,2.206389215998537
104,2.626239870942811
104,2.4581388890230786
104,2.3434433561466084
104,2.0378340986130925
104,2.0448720111949212
105,2.074538379916552
105,2.12090112244474
105,2.118576573474216
105,2.0692058363591186
105,2.1637317372497282
105,2.320384415129171
105,2.3117290716431262
105,2.5437527894928884
105,2.5450091261312258
105,2.5741153127963767
105,2.03965349848396
105,2.2050828085821856
105,2.379914938367317
105,2.2549621443394527
105,2.3179595881433728
105,2.4855826901976203
105,2.393371105733864
