#"Step";"Kinetic Energy (kJ/mole)";"Temperature (K)";"Box Volume (nm^3)";"Speed (ns/day)"
100;266.4614365695163;1.7003366141916219;209.0095076753944;0
200;487.3113578102591;3.109618242938688;206.06101158007982;695
300;519.4322460755202;3.3145871986754885;204.83721502449364;689
400;572.5586571002918;3.6535960361604802;202.96831216916442;687
500;686.8263892594623;4.38275824181492;199.26411781109866;695
600;735.4786871970441;4.693216988164311;198.0508280321583;703
700;806.1888413041709;5.144430738158911;195.09332650892435;721
800;900.5655628216136;5.746664957074147;193.03170351002368;730
900;904.0200710936215;5.7687087731495374;190.87267404891546;738
1000;1008.1516428000159;6.433190381990186;189.97196632225058;747
1100;1132.7475336360103;7.228258358406329;189.3138443568348;746
1200;1202.3741829775172;7.672558076680793;189.1732100703566;750
1300;1261.5357993280013;8.050078605469364;187.03757654350233;751
1400;1330.6547600203448;8.49113867447264;187.03757654350233;756
1500;1315.6238144513827;8.395223605388487;185.94996622871588;758
1600;1353.2423062801909;8.635273722398583;185.0347521896658;758
1700;1324.806151732132;8.45381769120939;184.82544710185354;761
1800;1296.0415824395932;8.270265988609468;184.78810478378065;759
1900;1300.9403067663516;8.3015255976653;183.80439791668186;760
2000;1284.6712510840189;8.197709933338295;183.80439791668186;761
2100;1421.4539900537347;9.070544300118971;183.80439791668186;759
2200;1530.8597205032565;9.768681230102718;183.80439791668186;759
2300;1657.5900645286274;10.577369522298506;183.80439791668186;757
2400;1733.4756972835921;11.06160889864332;183.3182635750247;760
2500;1802.9387940311426;11.504864959466145;183.13062850344906;761
2600;1842.8239687081568;11.75937917262908;183.13062850344906;762
2700;1882.2727043378836;12.01110839258054;183.13062850344906;763
2800;1935.7798136867495;12.35254653206042;183.10550628807383;763
2900;1957.5025993595846;12.491163392786241;182.7054851395636;765
3000;1968.6330574854;12.562188775399584;182.7054851395636;763
3100;2131.037913608401;13.598522312978552;182.4531310516967;765
3200;2310.174057907898;14.741621100551455;182.4531310516967;768
3300;2419.896897911087;15.441781561563753;182.33074137429276;768
3400;2537.1283437619713;16.189855738004205;182.33074137429276;770
3500;2599.411384168008;16.587294614747382;182.33074137429276;770
3600;2676.6602470327343;17.080232998719854;182.33074137429276;770
3700;2779.997151955242;17.739643701067916;181.75297068028004;772
3800;2792.4734798395584;17.819257311898347;181.75297068028004;772
3900;2816.8457863434232;17.974781224305126;181.75297068028004;771
4000;2892.211122407687;18.455700497280272;181.49656422559855;770
4100;3057.6683181659464;19.511511543153105;181.49656422559855;769
4200;3217.5388382077363;20.53167304290541;181.49656422559855;769
4300;3339.1956248917486;21.30798608627429;181.49656422559855;769
4400;3408.9672667284904;21.753211026793313;181.49656422559855;769
4500;3511.1941612784867;22.405538560549278;181.43803649539723;769
4600;3581.1952436684805;22.85222760100898;181.43803649539723;769
4700;3648.2880482646506;23.280358416756158;181.020022353417;770
4800;3717.4948183502274;23.721978812718213;180.6892105230551;771
4900;3758.182396192031;23.98161329956127;180.6892105230551;773
5000;3782.061357271188;24.133989089298318;180.6892105230551;772
5100;3932.1532662498794;25.091751576868653;180.53236678446237;772
5200;4079.609916752155;26.032698023315007;180.55986401821053;772
5300;4239.788144231177;27.05482305756116;180.6731729368364;774
5400;4302.78339178639;27.456806651574578;180.6700109109384;775
5500;4379.35803132876;27.94544269965972;180.6700109109384;774
5600;4448.772444200469;28.388388100232117;180.6700109109384;774
5700;4541.556057113368;28.980456416998198;180.52381243511323;774
5800;4601.536086042201;29.36319937830982;180.52381243511323;774
5900;4605.1454141676;29.386231126705606;180.52381243511323;774
6000;4638.057005356735;29.59624569485717;180.52381243511323;773
6100;4835.208058865472;30.85430074073208;180.52381243511323;773
6200;5046.327330555825;32.20148940802325;180.5886833118554;773
6300;5156.882045937615;32.9069582100206;180.5886833118554;774
6400;5257.482213920972;33.548905319584065;180.5886833118554;775
6500;5307.740230407799;33.869610434325516;180.3685964677199;774
6600;5492.796218663338;35.050484772305815;180.3685964677199;775
6700;5483.369944103295;34.990334080422556;180.3685964677199;775
6800;5568.3512896555185;35.53261477674395;179.850212918307;775
6900;5531.546469973153;35.297756842739226;179.850212918307;775
7000;5582.4833797880565;35.622794093483996;179.5691868505519;775
7100;5803.066653730755;37.03037419960258;179.5691868505519;776
7200;5880.32514419622;37.52337401896419;179.5691868505519;775
7300;6115.808109487887;39.02603163823803;179.5691868505519;775
7400;6143.590062028699;39.20331309302202;179.5691868505519;774
7500;6245.877250078891;39.856025370053786;179.5691868505519;774
7600;6380.6665877919;40.71613949788661;179.45655848356535;774
7700;6364.519260272384;40.61310060206644;179.45655848356535;774
7800;6353.812541142281;40.544779171434094;179.45655848356535;773
7900;6471.578085677291;41.29626152415664;179.4839648802862;773
8000;6500.102806224677;41.47828271033925;179.58208700269407;773
8100;6704.645576875191;42.7835055845488;179.7703120410043;773
8200;6850.710657902644;43.715572184966796;179.5207561808745;773
8300;7049.75238948976;44.985691975383;179.6970538389581;774
8400;7093.537739543914;45.26509388366946;179.80996739764538;774
8500;7259.120756429649;46.321707815966086;179.81073468823135;774
8600;7326.203315622246;46.749773254017164;179.49418053585617;775
8700;7248.612200745876;46.254650900633685;179.49418053585617;774
8800;7342.965504451538;46.8567356864328;179.49418053585617;773
8900;7419.544132577328;47.3453971863601;179.4712221764413;772
9000;7522.432545686213;48.00194598470552;179.48078323789895;773
9100;7645.989738625998;48.79038584980189;179.30099566647596;774
9200;7753.096494103869;49.473852621995704;179.42453226718527;773
9300;7888.804385473595;50.339828199930736;179.42453226718527;773
9400;7965.840439456719;50.831408613542195;179.60823731669245;773
9500;8142.026403153221;51.95568178731398;179.3962954065519;773
9600;8261.970634928774;52.72106672096403;179.57911902202235;774
9700;8268.846340772609;52.764941791763015;179.65883852490484;774
9800;8247.464138592433;52.62849825333934;179.65883852490484;774
9900;8275.427005887905;52.8069341565319;179.30480728662062;773
10000;8453.59088263908;53.94382873634971;179.13510719502932;773
10100;8557.378776527068;54.60611727745926;179.11208112374086;773
10200;8689.450514169337;55.44888992818192;179.26887547511993;773
10300;8764.126644192685;55.925411257945555;179.26887547511993;773
10400;9034.254019740896;57.649140864200554;179.26887547511993;772
10500;8993.33253898225;57.388013802301245;179.26887547511993;772
10600;9091.802847142448;58.0163699071511;179.10069133186406;772
10700;9088.130027377918;57.99293300760062;178.89001440852755;772
10800;9245.389989965202;58.99643608773133;178.94513577786503;772
10900;9243.300348825229;58.98310172540648;179.18000769993952;772
11000;9223.959337417677;58.85968337911539;179.13846705978156;771
11100;9473.466638227532;60.45183271425732;179.11520882041108;772
11200;9601.305503213138;61.2675946708473;179.22001059805126;771
11300;9713.435431869933;61.98311518179412;179.15501748846364;771
11400;9842.845340323402;62.8089022390714;179.11661746700386;770
11500;9991.969335527625;63.76048830107226;179.11661746700386;770
11600;10089.893468952883;64.38535917026654;179.19279533990138;770
11700;10172.625172923494;64.9132845137111;179.07585248632483;770
11800;10133.947376748605;64.66647479205275;179.00699265328404;770
11900;10358.11298340201;66.0969143841467;179.07237363668654;770
12000;10333.382052361034;65.93910202640595;179.16191616565524;769
12100;10549.209739477054;67.31633590866764;178.99907954821896;769
12200;10610.226032030158;67.70569144778784;179.32782602475842;769
12300;10820.042791780103;69.04456856061466;179.32782602475842;769
12400;10991.420481352281;70.13815930375065;179.01193753800843;769
12500;11096.015158498689;70.80559606867702;179.12512790667395;769
12600;11187.768158649735;71.3910878667671;179.30242854886035;768
12700;11138.93770906495;71.07949230387676;179.01075386663243;768
12800;11209.867171693579;71.53210549956118;179.04314379948312;768
12900;11207.67868623212;71.51814039448763;178.6736081964326;768
13000;11237.209410903917;71.70658106736515;178.65263217596356;768
13100;11431.505804456945;72.94642003324645;178.80441547223714;768
13200;11612.657373461116;74.10237959520616;179.12372479797568;768
13300;11758.53052051879;75.03322143169387;178.84432636495725;768
13400;11920.91746846633;76.0694406941011;178.80939794534032;768
13500;12020.068559921609;76.70214099516132;179.0383377686683;768
13600;12107.355969437107;77.25913708535698;178.74047621724617;767
13700;12066.530028379726;76.99861967885195;178.74047621724617;767
13800;11988.576000962428;76.5011815176389;178.67113341214585;767
13900;12017.202000021993;76.68384897956295;178.77084612705613;766
14000;12204.731558373547;77.88050759708544;178.792426640788;766
14100;12370.444083144597;78.93794794164668;178.44310550207882;766
14200;12410.555274299608;79.19390440513257;178.6319617294181;766
14300;12653.329660367628;80.74308984424827;178.53555475252097;766
14400;12772.76029890473;81.50519745041943;178.79181172875784;766
14500;12792.084433871729;81.62850810521805;178.45420546865077;766
14600;12800.151099334282;81.6799828957806;178.42501876002305;766
14700;13031.711796291725;83.15761184094225;178.45772539883203;766
14800;13139.147894723399;83.84318020761137;178.3849959958475;766
14900;13150.483701673715;83.91551595666826;178.41081036305536;767
15000;13121.738675950997;83.73208896497498;178.42902939867272;767
15100;13193.427245762869;84.18954615517652;178.42902939867272;767
15200;13486.802302639087;86.06162324565277;178.51292675458825;767
15300;13493.43020807486;86.1039170590951;178.49500010723557;767
15400;13740.42795845258;87.68005251793336;178.43275158477337;767
15500;13781.680316536978;87.94329096540133;178.55295319940035;767
15600;13916.589814728904;88.8041718580783;178.59915216040372;767
15700;13869.609213254647;88.50438049662708;178.59915216040372;767
15800;13911.946935146872;88.77454483868576;178.2748730597583;768
15900;14020.161664575688;89.46508178471264;178.44394234005443;767
16000;14068.875596658487;89.7759338292261;178.52827956938586;768
16100;14309.36272024503;91.31052384998186;178.52307732707814;768
16200;14405.281854131143;91.92260046957766;178.30938713951303;768
16300;14412.124705740658;91.9662658918126;178.03030264506816;768
16400;14639.305176002148;93.41594385117504;178.02888274671318;768
16500;14780.89739298966;94.31946833084446;177.99850146541345;768
16600;14859.624847566578;94.82184186482604;178.00270573745792;768
16700;14896.189423255768;95.0551667602673;177.96070397684156;768
16800;14884.813752043818;94.98257663044701;177.79508823613256;769
16900;15214.601999376187;97.08701260095194;177.79508823613256;768
17000;15288.486933760112;97.55848517419749;177.7713124008973;769
17100;15361.072389649227;98.02166554992084;177.74602101334884;768
17200;15319.122594485249;97.7539766355569;177.74602101334884;768
17300;15487.648770870583;98.82937137877686;177.7750247099651;768
17400;15630.31522998662;99.73975078367354;177.94765830977602;768
17500;15433.02830850854;98.48082874073539;178.3319205995197;768
17600;16004.359035050962;102.12658913916117;178.11969025771648;767
17700;15857.21494533532;101.18763719727245;178.20770802735294;767
17800;15994.251980040717;102.06209426922119;178.14258340555782;767
17900;16023.623695428076;102.24952027629263;177.76248528273362;767
18000;15974.64353601847;101.93696938905995;177.87335524219176;767
18100;16230.432258835426;103.5692015668277;178.16648911464043;767
18200;16510.735258368484;105.35786359353509;178.2748012694171;767
18300;16176.787047471385;103.22688217445089;178.34659564069665;767
18400;16444.583579834434;104.93573826632162;178.05378014167613;766
18500;16457.033388013893;105.01518265031854;178.01223046422305;766
18600;16539.907248798292;105.5440151210328;177.93346309731612;766
18700;16765.446478105165;106.9832200373772;177.92698088301347;766
18800;16694.072065587214;106.52776753932301;177.92698088301347;766
18900;16951.991803827463;108.17359809588913;178.07568052411537;766
19000;17018.004047960916;108.59483366802336;177.9979461609491;766
19100;16994.783394728358;108.44665865476412;178.16001170769667;765
19200;17244.006716697128;110.03699587169724;178.0001435275248;766
19300;17241.912241675367;110.02363066353482;178.10374793139366;766
19400;17674.62509785249;112.7848464036498;177.70700807378387;765
19500;17662.203648468247;112.70558298204075;177.9457437761178;765
19600;17707.923728516354;112.9973307377776;177.9457437761178;765
19700;17592.73842690675;112.26231336241185;177.72687559486488;765
19800;17691.243644550734;112.89089223072881;177.5409787627254;765
19900;17683.31994106248;112.84032970530475;177.5210373001532;765
20000;17865.069096704596;114.00010257118464;177.6287949308327;765
20100;18015.560608244487;114.96041499196362;177.2262064356268;764
20200;18175.102334311057;115.97847840036812;177.4889374195635;764
20300;18399.38011006039;117.40963376290614;177.77339248229134;764
20400;18206.420206530718;116.17832317152612;177.64473430820613;764
20500;18410.13123487492;117.47823855390793;177.80039229261354;764
20600;18670.483035285142;119.13958852074532;177.738782681643;764
20700;18629.477400758456;118.87792445906527;177.9138288682434;764
20800;18573.80075575167;118.52264213649289;177.84076108465945;764
20900;18734.569001269527;119.54853217811639;177.98995603847928;764
21000;18966.553357752447;121.02886456814569;177.92738623376755;764
21100;19039.587856059195;121.49491036137132;177.83058545670417;763
21200;19092.022371969008;121.82950409619721;177.43952936012022;763
21300;19096.74465577636;121.85963780771517;177.6404104779648;763
21400;19494.543023159902;124.39805814288974;177.64549003337;763
21500;19518.180370333022;124.5488921524119;177.9316642647515;763
21600;19530.800278702634;124.6294219752067;177.70762446777184;763
21700;19739.413993018912;125.96062224658982;177.47957932104302;763
21800;19682.467093329324;125.59723420870525;177.69555858421668;763
21900;19469.749671256344;124.23984746680506;177.6426900656549;762
22000;19890.882757150728;126.92717068555123;177.49003261948582;762
22100;19903.078944510897;127.00499667113857;177.43440290916067;762
22200;20051.40428642329;127.95148638804865;177.64717111976876;762
22300;20181.786634526507;128.78347875129006;177.360891903242;762
22400;20241.524651711108;129.1646773937123;177.65077097107786;761
22500;20354.488488009323;129.8855192138655;177.67687061591576;761
22600;20610.860511936422;131.52147353712434;177.8345007920266;761
22700;20317.317468457302;129.6483244950168;177.41998601251277;761
22800;20432.78741395731;130.38515823238635;177.41998601251277;761
22900;20795.43437077257;132.69927132370898;177.12141504024405;761
23000;20594.157889931637;131.414891210941;177.21747901666848;761
23100;20786.732111846213;132.64374070108246;176.8730349490088;761
23200;21188.581054756083;135.20800846080232;177.04402747939508;761
23300;21294.92229513527;135.88659034845986;177.3176503321661;760
23400;21407.96146134194;136.60791286181632;177.5305084387893;760
23500;21226.911824587674;135.45260374721184;177.58435574340572;760
23600;21474.326483008103;137.0313995685359;177.00664935875113;760
23700;21371.33754530053;136.3742093053017;177.02970133922202;760
23800;21608.62251463998;137.8883658247572;177.26300273527005;760
23900;21064.007693011663;134.41308424642463;177.46790408773342;760
24000;21308.420184183517;135.97272271815098;177.23897302014345;760
24100;21908.660360384965;139.80295932590826;177.01703264993816;759
24200;21869.973634522757;139.5560926223673;177.48180138998686;759
24300;22222.463326793863;141.80539044801094;177.72537372932325;759
24400;22312.218496612273;142.37813374445196;177.54452175082938;759
24500;22330.422566317095;142.49429706866465;177.54452175082938;759
24600;22576.649230503783;144.0655120928607;177.2379764260896;759
24700;22509.449881851062;143.63670140102073;176.93929910381397;759
24800;22671.3702012531;144.66994302579542;176.93929910381397;759
24900;22540.369486428914;143.83400475732208;177.0230086015464;759
25000;22574.224153892254;144.0500372586487;176.55587878059708;759
25100;22659.63168671995;144.5950375298486;176.6771110021106;759
25200;22956.700512593394;146.49068520056048;176.71551525663148;759
25300;22940.94378114777;146.39013876599228;176.8254027123945;759
25400;23069.80579732271;147.21242962767067;176.96561313554167;759
25500;23349.546731026887;148.99750501489757;176.983109270104;759
25600;23199.979982706485;148.04309366851717;177.01548726193639;759
25700;23285.00073381758;148.58562581854014;176.81607789765096;759
25800;23331.19243236829;148.8803830536907;176.7170279275883;759
25900;23592.415353771445;150.54729179458087;176.7762296935082;759
26000;23442.305402850965;149.58941417825267;177.1128358091779;759
26100;23962.46603903128;152.9086493604433;177.09597775886857;759
26200;23792.948784435983;151.82693037537572;177.24991608173264;759
26300;23792.640117243864;151.82496071651957;177.06190280209447;759
26400;23619.22370360128;150.71836052170542;177.29522872437255;759
26500;23852.40150434393;152.20630848642327;177.12129460037158;759
26600;24075.08066439198;153.6272628050733;176.8904963870739;759
26700;24138.746520770757;154.03352567023072;176.8904963870739;759
26800;23983.830005759955;153.0449765352901;176.86287695899975;758
26900;24249.83287319407;154.74238694034204;176.51218413350668;758
27000;24409.789925694204;155.76310061871024;176.51218413350668;758
27100;24548.622772720963;156.6490170803611;177.007089862381;758
27200;24491.871797918575;156.2868792731426;177.007089862381;758
27300;24783.729560984502;158.14927424881327;176.71239484229318;758
27400;24898.734486169764;158.8831406109495;176.53547355632324;758
27500;25107.83346083552;160.21743741273593;176.6255980133573;758
27600;25290.769060446182;161.38478118323295;176.6255980133573;757
27700;25029.956221012522;159.72048924647217;176.75130740606082;757
27800;25255.179729872732;161.15767949592058;176.6325422246955;757
27900;25063.14529875759;159.93227450443564;176.63937375592374;757
28000;25137.19212677132;160.404780148995;176.64925482390717;757
28100;25272.84320304572;161.27039317995863;176.76427130444435;757
28200;25498.11355071448;162.70788231596327;176.77746789915813;757
28300;25618.61136776849;163.47679977323162;176.66848234147582;756
28400;25881.65538986097;165.15532927328326;176.86119651712394;756
28500;25912.541960463102;165.35242183405958;176.86441483738463;756
28600;26179.89931332908;167.05847544543371;176.846778946515;756
28700;26258.573827908374;167.56051116011406;176.6202573598689;756
28800;26279.63151440519;167.69488390771187;176.45442238346683;756
28900;25871.28325751226;165.089142898899;175.92328513730035;756
29000;25945.941555432015;165.56555043891865;176.2570486549962;756
29100;26361.575677148183;168.2177838140735;176.3989784402033;756
29200;26763.43987822719;170.78214893881542;176.2974230084546;755
29300;26746.93348836596;170.67681880395423;176.00167843623365;755
29400;26851.49284423655;171.34403017769714;176.17520584922374;755
29500;26896.43803823;171.63083325120334;176.24071457982868;755
29600;26825.827298172233;171.18025387948975;176.2829586218904;755
29700;26940.20504523907;171.9101181093396;176.2831703701684;755
29800;27003.330092732693;172.31292997925905;175.9534022722324;755
29900;27078.235314882826;172.7909131855937;175.92681557094664;755
30000;27022.559954474098;172.43563906026418;176.2755258540557;755
30100;27300.831608419307;174.2113387186696;176.00773200602282;755
30200;27113.45391285367;173.01564916390737;176.35977113917508;755
30300;27571.65397967583;175.9395032130073;176.64258069729448;755
30400;27789.132206682872;177.3272694764121;176.6277279356381;754
30500;27668.71322614391;176.55885508861155;176.57596071521158;754
30600;27730.80151469259;176.95505121999537;176.5937920177925;754
30700;27586.135172736947;176.03191021604684;176.570165634826;754
30800;27784.144137608208;177.2954397430332;176.274851648087;754
30900;28038.356207735982;178.91761102670011;176.17137158543383;754
31000;28275.138134337612;180.42855754324998;176.3521216162123;754
31100;28426.93151376187;181.39717740866007;176.2548045611098;753
31200;28642.11249414098;182.7702845431358;176.25347865943985;753
31300;28673.952235453646;182.9734594514351;176.15995507522658;753
31400;28721.38026133238;183.2761059055662;176.28569744449408;753
31500;28966.514513137052;184.8403500569979;176.0983593202578;753
31600;29242.967577484553;186.6044449799527;175.95762235506206;753
31700;29241.710753509426;186.59642496831418;175.78008917705893;753
31800;29326.905822941102;187.14006947375648;175.66364380593402;753
31900;29134.89609300252;185.91482210476076;175.42716974777534;753
32000;29316.462207469158;187.07342695317226;175.84507447803924;753
32100;29366.833891085873;187.39485739757217;175.817553362764;753
32200;29387.939937595977;187.5295387387973;176.0762233958198;753
32300;29435.3659813478;187.832172544633;175.7246714238772;752
32400;29566.51501567941;188.66905726559236;175.83971163909357;753
32500;29834.66027614812;190.38013865195256;175.48289489612165;753
32600;29864.719509140094;190.5719518280308;175.34851063648472;752
32700;29617.459443591768;188.99414249062013;175.26574374701002;752
32800;30133.982760004117;192.2901673048918;175.26574374701002;752
32900;29911.18012874364;190.86842509503327;175.26860974366954;752
33000;29886.447981688892;190.71060497769787;175.62242824296288;752
33100;30375.303499451606;193.83007677295217;175.51432143317612;752
33200;30525.60330057959;194.7891658563624;175.5041685685937;752
33300;30614.696193960728;195.35768305206062;175.30869897836735;752
33400;30444.04262137669;194.26871302494172;175.51609199999706;752
33500;30669.29638780997;195.7060963532086;175.51609199999706;752
33600;30866.138220369117;196.96217820660496;175.2580229775783;752
33700;30760.321986116352;196.28694647404274;175.0995392833659;752
33800;30744.788562970585;196.18782500844338;174.95106220138447;752
33900;30713.341844012728;195.98715804391517;174.6497600687491;752
34000;30865.902278004447;196.96067261747862;174.74072499719537;752
34100;31222.59888753679;199.23681551137776;175.158402179744;752
34200;31358.521278408007;200.10415984781235;175.16704078138733;752
34300;31169.664138751512;198.899029703865;174.9566465200934;751
34400;31538.175927764853;201.25056730603194;174.8105695997101;751
34500;31596.75540599681;201.6243731105805;174.8283761599594;751
34600;31558.00134583842;201.37707673522414;174.80557778209865;751
34700;31365.0619555655;200.14589704249113;174.8447214071258;751
34800;31567.56327166513;201.43809304135328;174.87203995597932;751
34900;31274.775370501447;199.56976269325412;174.68510644225833;751
35000;31407.54318318113;200.41697711944562;174.53993016676313;751
35100;31447.671591056045;200.6730434458055;174.5478895950583;750
35200;32080.624973814934;204.71202869499223;174.78535787492103;750
35300;31932.21597474988;203.7650051472902;174.7204140126798;750
35400;32284.23998776736;206.01133139289735;174.79240865368354;750
35500;32050.5570633554;204.5201601464894;174.37362908295225;750
35600;32217.02873680636;205.58244475036514;174.4171029405223;750
35700;32462.977390337852;207.15188574038106;174.6064362686643;750
35800;31758.15766257909;202.65430888670326;174.43172733462544;750
35900;32476.56122396665;207.238566537338;174.80999260086898;750
36000;32331.52927593136;206.31309253762245;174.4897666176638;750
36100;32704.592128042248;208.6936712622793;173.91035803311001;749
36200;32795.10409438412;209.27124380851686;174.13389232194223;749
36300;32790.31385428051;209.24067645609318;174.07110917368098;749
36400;32806.78796521836;209.34580061354916;174.02484914420518;749
36500;33101.986809431284;211.2295156071495;174.22008803301262;749
36600;33211.632784845424;211.92918558189564;174.39841993696902;749
36700;33184.1891538389;211.75406301546536;174.58701602437435;749
36800;33176.52195924136;211.70513731773528;174.17947219623798;749
36900;33285.573431398894;212.40101366415198;174.1407681579712;749
37000;33702.260351357865;215.05996512738233;174.25520694317493;749
37100;33764.91831915476;215.45979648079512;173.9603407919011;749
37200;33926.18023048574;216.48883668954235;174.15277761249803;749
37300;33872.03063287318;216.1432987210853;173.8563789393339;748
37400;33934.09383784584;216.5393347898226;173.8563789393339;748
37500;34380.045721400646;219.3850310584387;174.26702163857155;748
37600;34023.034436957096;217.10688016938659;174.023845035765;748
37700;34239.82716344885;218.4902721351812;173.8388292944323;748
37800;34354.79525523796;219.223903457032;173.8289625789585;748
37900;34026.481504603114;217.12887650553782;174.26192169444568;748
38000;34468.15734379162;219.94728659385882;174.22528747224757;748
38100;34588.58767639118;220.7157734211258;173.75291126766422;748
38200;34658.29919107328;221.16061467984883;173.50822977931878;748
38300;34935.08064641245;222.92680512264351;173.66354392516024;748
38400;34741.5267781358;221.69170433925737;173.85806572841716;748
38500;35193.72733839438;224.57727449704282;173.59137563638882;748
38600;34872.23263508943;222.52576106854912;173.5220637124551;748
38700;35435.80824185547;226.12203470343798;173.40171226187184;748
38800;35091.22468666959;223.92318730895576;173.44114554478256;748
38900;35156.23262403067;224.33801422549263;173.5687287075175;748
39000;34771.79150473513;221.88482880566366;173.83139142090647;748
39100;35345.494379738346;225.54572629459722;174.03591455719683;748
39200;35611.312050113454;227.24195492511427;173.88998492148676;748
39300;35536.43393154745;226.76414467144798;173.91595828282485;748
39400;35433.332839295734;226.10623873062715;173.7589218619906;748
39500;35895.37736405189;229.05462493218806;174.09454078205806;748
39600;35675.750026087684;227.65314481924665;173.84890669921995;748
39700;36153.82754284181;230.70384032184623;174.131764742409;748
39800;35578.37922108814;227.0318048346487;173.85635038660567;748
39900;35906.3270594129;229.12449683626642;173.73040167127434;748
40000;36013.70826338214;229.80971491185556;173.37923739881808;748
40100;36512.777447553526;232.9943618828628;173.4887314186958;748
40200;36637.77361294313;233.79198408058764;173.0658602451755;748
40300;36847.415495044566;235.12974526882667;173.0658602451755;747
40400;37006.80467770423;236.14683527131038;173.15962766334576;747
40500;36716.97741164052;234.29739724896967;173.19039640911708;747
40600;37200.44399907533;237.38248134570435;173.74438360383093;747
40700;37258.93109118345;237.75569761838284;173.67565747493353;747
40800;37778.83138528821;241.07327151266264;173.64505372299348;747
40900;37227.082017217064;237.55246315680245;174.35626263195581;747
41000;37232.282079840195;237.5856456577603;174.60699767561766;747
41100;37395.664476307225;238.62821704971776;174.25639587072382;747
41200;37397.082425926346;238.63726523201953;174.62736332613986;747
41300;37823.84168749803;241.3604900529831;174.29150780889182;747
41400;37692.9034593831;240.52495052303274;174.49960189362574;747
41500;37597.55381432624;239.9165079103695;174.02274593236126;747
41600;37346.981095999596;238.3175599613774;173.95098699387043;747
41700;38046.895868918626;242.7838374480161;173.9477519755578;747
41800;37950.31155003418;242.16751616764526;173.95713528446615;747
41900;38213.67801355943;243.8481032223702;173.74939370522725;747
42000;38067.82784236345;242.9174079988385;173.3965091041738;747
42100;38264.86913142144;244.17476261872704;173.556830970839;746
42200;38838.61590462335;247.83594022967563;173.57525634659964;747
42300;38395.974434910284;245.0113682855986;173.57643107014738;746
42400;38754.737852436025;247.30069983955644;173.63838318804343;746
42500;38836.3332294881;247.8213740839671;173.70858452023333;746
42600;38668.189253306366;246.7484182264955;173.38761750859064;746
42700;39507.87911872647;252.106624806482;173.38686257728003;746
42800;39525.84520798607;252.2212695362231;173.70667473110987;746
42900;38836.098408131744;247.81987564818914;173.96175494135815;746
43000;39280.074635373196;250.65296491141675;174.11283818678473;746
43100;39970.38514779706;255.05795594706876;174.04450376939934;746
43200;39674.594410148915;253.17046397886162;174.45518769851083;746
43300;39389.43642431367;251.35082144301464;174.39789559803964;746
43400;39458.45699955849;251.79125369742346;174.46700665361126;746
43500;39348.10246497305;251.08706228378625;174.32171334044813;746
43600;39646.30410921096;252.98993866484025;174.5047027962305;746
43700;39529.28427040139;252.2432147896096;174.4688480521306;746
43800;39363.133443369064;251.18297756234549;174.53203919238928;746
43900;39958.69189651287;254.98333928375934;174.5425996249888;746
44000;39738.46171003912;253.578012289983;174.52001877456476;745
44100;40039.22759124357;255.49725151159592;174.42257990601206;745
44200;40333.05550316232;257.37221834859474;174.74213914911925;745
44300;39899.55311362952;254.6059644592824;174.95269122141116;745
44400;40257.18953745946;256.8881044711184;174.63089873193474;745
44500;40686.80916327983;259.62958177215785;175.14912546440922;745
44600;40360.43557135225;257.54693530967467;174.8607697308512;745
44700;40762.976751603186;260.1156203558577;174.82582150141613;745
44800;40987.7099895688;261.54968210174593;175.14564454683864;745
44900;41103.31413828023;262.28737221306983;175.37251437072405;745
45000;40720.59082995873;259.8451484428253;175.83539333687915;745
45100;41211.09674192793;262.97515168958444;175.79628141565246;745
45200;41224.87050686241;263.0630444711249;175.54872406775831;745
45300;41761.37139125381;266.4865496095087;175.68033412726183;745
45400;41429.75407164724;264.3704420117775;176.13316910660657;745
45500;41492.09877598623;264.7682743767654;176.230093284991;745
45600;41799.2374192015;266.7281792974004;175.78011483922117;745
45700;41659.40381738986;265.8358768460001;176.2137407819709;745
45800;42073.37923106947;268.4775257176593;176.46938299961963;745
45900;41909.67336173309;267.432890189253;176.33550427658182;745
46000;42009.96800035401;268.0728876629954;176.1548520918619;745
46100;42299.6351566239;269.92130399698885;176.32004254371893;745
46200;41859.33909000759;267.11169847661574;176.36205061042708;745
46300;42465.183009817265;270.9776935436694;176.40882159828706;745
46400;42369.96579465561;270.3700959891223;176.00024924862944;745
46500;42514.32477881783;271.2912756897147;175.93285073245414;745
46600;42377.41277169762;270.4176164404589;176.12743416104846;745
46700;43094.88302125438;274.9959184665245;176.07327339956473;745
46800;42282.15180886234;269.8097397244234;176.25622821558915;745
46900;42565.92098454095;271.6205200219298;176.74863286549785;745
47000;43262.92854236066;276.0682460650938;177.19699993083185;745
47100;43078.8892144491;274.89385921299254;176.84679477243031;745
47200;42776.24231833778;272.96261690921074;177.2885742837386;745
47300;42965.164125075564;274.16815970501295;177.4223613793163;745
47400;43550.40827146452;277.90270404718024;177.63796545207;745
47500;43290.79986501683;276.24609780607494;177.32227159419702;745
47600;43898.16058611765;280.1217718450841;177.11068397132158;745
47700;43956.22370186448;280.4922826511107;176.90993984355075;745
47800;43243.02304994094;275.941225667619;176.96160537380777;745
47900;43608.4148828754;278.27285428924495;176.40340702748225;745
48000;43442.99090951064;277.21725524122365;176.62276652982078;745
48100;43190.464136177194;275.60583812852445;177.61384796296815;745
48200;43734.73711857456;279.07893837147117;177.71243617150344;745
48300;44244.751416788495;282.3334280123696;178.31189017984047;745
48400;44113.340177615755;281.4948701168694;178.9101267328983;745
48500;44128.729589887196;281.5930726241173;179.25786875216616;744
48600;44557.668179647066;284.3302041160064;179.10145852966122;744
48700;44706.57603843603;285.2804109740772;179.05283360675043;744
48800;45311.6002873244;289.1411755789032;179.19150799035137;744
48900;44678.21688466135;285.09944629817;179.27163837333055;744
49000;45005.15725406865;287.18570946599436;179.32557532463903;744
49100;44700.572155202186;285.2420991544711;179.40387931862998;744
49200;45261.77191151166;288.8232120757754;179.39809726914555;744
49300;46003.959284042474;293.55923834791326;179.70790684842584;744
49400;45719.30244281434;291.7427937026708;179.4289056016609;744
49500;45849.35672555608;292.57269262397494;179.42815227631172;744
49600;46025.01486759726;293.69359767627344;179.25588272156472;744
49700;45784.13246985222;292.15648534259697;179.44271512023613;744
49800;45888.38922445825;292.82176576521897;179.44127151943613;744
49900;45565.67036810168;290.76244080391274;179.73131103786872;744
50000;46129.01569583139;294.35724498835503;179.71955670688712;744
50100;46336.88379255403;295.6836873446305;179.738757150725;744
50200;46076.78004837409;294.0239202675957;179.6831223671076;744
50300;46759.93888071197;298.38327519297326;179.61326638109753;744
50400;46283.447550221725;295.3427014198671;179.85221090348207;744
50500;46330.25037001609;295.64135832560294;180.21804042264165;744
50600;46694.97675895109;297.96874063372275;180.6928185783231;744
50700;46587.55830674595;297.2832848706839;180.99086717927364;744
50800;46599.84005844267;297.3616568571341;180.7609454655256;744
50900;46765.214938029414;298.4169426292482;180.73129039620926;744
51000;47174.48994496418;301.02859739071744;180.85311791136724;744
51100;46610.610649882;297.43038586804306;180.60273725446936;744
51200;46686.979398603784;297.9177080911137;181.14765144130055;744
51300;46966.33880012453;299.70034885534477;180.86027754405492;744
51400;47180.878999097506;301.06936705259716;181.40004265042475;744
51500;46720.37896227627;298.13083649626486;181.29922614349312;744
51600;46673.233483313;297.82999302297696;180.99510916764737;744
51700;46944.23643056804;299.55930980406157;180.98700614600563;744
51800;47032.03560841223;300.11957157667075;180.29970918445974;744
51900;46445.82552756183;296.3788634392734;180.12781413712628;744
52000;46598.05161270712;297.350244474893;180.0859917552494;744
52100;47224.50488985423;301.3477514234667;179.44500905254216;744
52200;47112.07809983718;300.63033658872325;179.1416763700477;744
52300;46840.45047641441;298.89703364073324;179.15573558281787;744
52400;46869.030934016075;299.0794104947205;179.4957353821729;744
52500;47639.905527761555;303.9984948979661;179.96331801517636;744
52600;47182.01828737336;301.07663704856543;179.8667585510477;744
52700;46853.576218532864;298.9807912763588;180.1345096064987;744
52800;46898.45977168484;299.26720100897086;179.74047892921047;744
52900;47090.082075157436;300.4899761425321;179.22306872937276;744
53000;46925.377819979796;299.43896974101614;179.49839400916326;744
53100;47095.90356422006;300.5271240733161;179.48837873740405;744
53200;47769.05294429409;304.8226069487965;179.09074882816685;744
53300;47774.4310313937;304.85692545479685;179.22395715925043;744
53400;47630.101109301206;303.9359312043089;179.42860112929702;744
53500;47201.35615604161;301.2000353404923;179.74194262385242;744
53600;46825.99942152994;298.80481895462293;180.19647425188037;744
53700;47478.18415537826;302.9665227886027;180.0030249970063;744
53800;47245.996523452806;301.4848932627396;179.92955235457097;744
53900;47501.25059745973;303.1137137537765;180.01937071962922;744
54000;47201.63973089168;301.2018448807644;180.33829141256544;744
54100;47241.38249723258;301.4554503616501;181.11821890627104;744
54200;46772.557946980465;298.4637996421748;181.06190409723325;744
54300;46921.90974947781;299.41683938200043;181.23129694924012;744
54400;47546.41913019633;303.4019419905154;181.1764751388304;744
54500;46579.53140584659;297.2320638246917;180.74530523033576;744
54600;47838.99256059097;305.2689037634617;180.80890606459852;744
54700;47305.00565756846;301.861440775957;180.9926940703608;744
54800;47183.19084673328;301.0841193530882;181.25798315862693;744
54900;46852.340196446225;298.9729040051764;181.25564344054956;744
55000;46965.65818092774;299.696005706274;181.19641658495615;744
55100;46934.10811294732;299.4946792537186;181.09072180608072;744
55200;47276.80991155899;301.68151883332405;180.99075789922938;744
55300;46857.768513827934;299.0075430393136;180.92673516680665;744
55400;47402.58500535553;302.48411150823017;181.07186778284614;744
55500;46836.39070047741;298.87112750677267;181.14047288819933;744
55600;47004.35673866497;299.94294791106034;181.17179935601146;744
55700;47064.518525037274;300.3268506981239;181.0464951364442;744
55800;47137.389776723576;300.79185478636794;180.88199452372282;743
55900;47118.944573263405;300.6741527458651;180.84095266673856;743
56000;47064.43884375377;300.32634223804223;180.3666564598405;743
56100;46567.743035696796;297.1568401914133;180.4083657588424;743
56200;46205.281537414645;294.84391054313716;180.65976632641357;743
56300;46407.22824289696;296.1325674755161;180.88298668818464;743
56400;46311.026660076575;295.51868850031207;180.43487658885198;743
56500;46831.68459356949;298.841097022854;180.3803739690771;743
56600;46719.91655627685;298.1278858034308;180.34309405992377;743
56700;46841.98999427189;298.9068575710362;180.68743595949027;743
56800;46951.28667994327;299.6042986673891;180.6495005069068;743
56900;46938.32099431206;299.52156237995234;180.8835467671157;743
57000;46525.631404827116;296.8881185753593;180.8943586631813;743
57100;46495.14455339755;296.69357669190896;181.16144294383284;743
57200;46644.71503266564;297.6480118461132;180.96498124012768;743
57300;46777.29931034846;298.4940551036765;180.4565322878932;743
57400;46925.8066693414;299.44170630312766;180.61589986266384;743
57500;46830.71593290451;298.8349158312467;180.70548229693756;743
57600;47620.942505693645;303.87748856717053;180.70399859857756;743
57700;47415.42208315665;302.56602712681075;180.66838762215696;743
57800;47279.03604743653;301.69572419222885;180.7129878279004;743
57900;47244.23842357355;301.4736745226675;180.80414188466176;743
58000;47262.36832527793;301.58936456801337;180.69128322260474;743
58100;46954.343997911026;299.6238079432856;180.8931630297359;743
58200;46863.94207575021;299.0469376080421;180.91205171986445;743
58300;46747.84714812097;298.3061157513738;180.95658459972407;743
58400;47111.878044941055;300.62906000375426;180.89679292921682;743
58500;46800.813638320076;298.64410410635014;180.98482190177057;743
58600;46860.52992557967;299.0251640863543;180.92500462945847;743
58700;47267.51504254795;301.62220666302636;181.29880043378483;743
58800;47577.40479318783;303.59966687700455;181.3014638294858;743
58900;47069.327520416584;300.3575377312128;181.2957740998423;743
59000;46755.97278535552;298.3579668510354;181.34194609911282;743
59100;47295.88302499239;301.8032276762057;181.08356596487593;743
59200;46977.42231187808;299.7710746650191;181.25853006456197;743
59300;46983.78034951509;299.81164640525964;181.4589703342305;743
59400;47282.591914988356;301.718414799438;181.46236832778015;743
59500;47695.3423529343;304.35224688860797;181.6172541651016;743
59600;47739.513792038255;304.63411249804443;181.60047381043407;743
59700;47416.76363596064;302.57458780779285;181.6473689525174;743
59800;47004.559208453866;299.94423990587865;181.39845279447613;743
59900;48003.14683949575;306.3164006710497;181.43236679937658;743
60000;47425.63762981212;302.6312143007445;181.4977509817097;743
60100;46930.49880197644;299.4716476147888;181.14397495709528;743
60200;46188.07664668304;294.7341231531465;181.11450463041342;743
60300;46988.37007597124;299.84093424534257;181.31315708459385;743
60400;47302.020683411334;301.84239313845603;181.1538825605287;743
60500;46785.215852109715;298.5445719288792;181.70513734398583;743
60600;46757.02713447623;298.3646948355316;182.09011462404698;743
60700;46865.1312541042;299.05452596124667;181.8423231259872;742
60800;46401.863486536255;296.0983340352713;181.7131226336053;742
60900;46498.024595964;296.7119547427414;181.50891755119537;742
61000;46765.201255755965;298.41685532028964;181.2445901591857;742
61100;47030.28436631296;300.10839659728146;181.44726510767867;742
61200;46452.07377748017;296.4187346050509;181.40922968354286;742
61300;46805.94535664236;298.67685049047776;181.2149756002264;742
61400;47358.93129915232;302.20554964217524;181.4342664095171;743
61500;46622.408690770855;297.50567121198367;181.30907714241718;742
61600;47161.64325097145;300.94662040955126;181.43570185667073;743
61700;47267.03701674589;301.61915629752417;181.23758991714365;742
61800;47228.15879480954;301.3710676243409;181.1135535997802;742
61900;47068.37009700376;300.3514282464593;180.99383401567363;742
62000;47367.06274401699;302.2574378013314;181.28025991428856;742
62100;46959.97953235009;299.659769265384;181.25332467529333;742
62200;47094.93377434905;300.52093567604936;180.9476606530216;742
62300;46979.156541609205;299.7821410855384;180.70284877359924;742
62400;46595.20899427903;297.3321052339744;180.90073764483478;742
62500;46818.965831632435;298.75993639831046;180.416855841697;742
62600;46870.81048316497;299.0907661063;180.84961021412144;742
62700;46900.576298109256;299.280706930956;180.64852046650785;742
62800;46770.855313849635;298.45293484503895;180.73235674079393;742
62900;46650.71580887656;297.68630383926745;181.02248473232513;742
63000;47118.8174765571;300.67334171975176;180.93988548762806;742
63100;46801.127153921756;298.6461047037481;180.94895014171559;742
63200;47460.88249775578;302.85611791230826;180.63433798283427;742
63300;46790.200457944826;298.5763795627262;180.55526405178418;742
63400;46987.79925305638;299.8372917253785;180.54960663099317;742
63500;47220.23645880469;301.32051382506546;181.059944022027;742
63600;46800.26171006728;298.6405821564999;180.8812142774269;742
63700;46748.77381803072;298.31202899269346;180.755717511552;742
63800;46787.01794856461;298.55607141872656;180.41222816322104;742
63900;47092.04401993024;300.5024956522036;180.96869622612658;742
64000;47054.82374108897;300.26498660129175;181.07239952926196;742
64100;46683.89211941106;297.8980076274473;181.18709321779764;742
64200;46298.93518860574;295.4415307249656;181.28178238103487;742
64300;46800.725479523026;298.643541549785;181.06186747868;742
64400;46536.52083488967;296.957605916122;180.4926054787664;742
64500;46964.26235379046;299.6870986913635;180.77919422993057;742
64600;47281.89530962985;301.7139696398984;180.39402168140342;742
64700;46719.33121160674;298.12415061762937;180.24573339125004;742
64800;47184.35091386468;301.0915219425354;180.61806262303142;742
64900;46964.112451395835;299.68614213819984;180.30658455637885;742
65000;47470.45418914687;302.9171965341964;180.0461893426337;742
65100;46236.606579019455;295.0438010633845;180.0340699742307;742
65200;46873.50603511045;299.10796689050113;179.9742129092693;742
65300;46866.24332779233;299.0616222962134;180.3285334728971;742
65400;47397.64537943411;302.45259089900907;180.46799630084445;742
65500;47377.23797193915;302.32236769443904;181.34212074154078;742
65600;46988.47402696934;299.84159757468;181.44384564818895;742
65700;47046.88483871662;300.2143270891538;181.1708592702558;742
65800;46924.68459553993;299.43454615570437;181.08301284313757;742
65900;47414.60957742372;302.5608423868922;180.35031340197824;742
66000;47263.245979612344;301.59496503245066;179.96904561919533;742
66100;47432.11234135146;302.67253055737956;180.09373576416763;742
66200;47107.946333853935;300.60397107379913;179.86230611528083;742
66300;47401.29812347703;302.4758996919001;180.31900048821743;742
66400;46902.714490866754;299.294351109568;180.3385430409852;742
66500;46810.43655827525;298.7055096265855;180.57473436852112;742
66600;47427.944288951345;302.64593349253965;180.15504194759484;742
66700;46821.26534632436;298.77461000014904;180.3589303635172;742
66800;46688.73794900987;297.92892970607556;180.36050527489564;742
66900;47218.071080807604;301.3066961727274;180.81812293356967;742
67000;46924.53574014013;299.43359628359616;180.67884003645733;742
67100;47308.73008750845;301.885207008983;180.4868717826187;742
67200;47165.21975985705;300.9694427326892;180.29353737298322;742
67300;46826.30792640045;298.80678757767674;179.81386593220878;742
67400;46834.3957572463;298.85839742821884;180.20475053957512;742
67500;46767.87554074335;298.43392039634483;180.4528009339149;742
67600;46545.79409959575;297.016780225605;180.3332736892242;742
67700;46995.14212620107;299.8841478717013;180.28351481001084;742
67800;47506.56163335696;303.14760439443205;179.89574346704163;742
67900;47361.23923685518;302.2202769927066;180.0976128437285;742
68000;47262.25862070406;301.5886645241118;180.17823755858043;742
68100;46936.51414999296;299.5100325931605;180.11362319259223;742
68200;47084.9558465865;300.4572647894594;179.57875122280694;742
68300;47377.86071955843;302.3263415549425;180.06444073545504;742
68400;47098.435694643995;300.54328203646133;180.38423145015182;742
68500;47280.76759292325;301.7067734841193;180.35621120304577;742
68600;47356.129958655685;302.18767380289216;180.53394417844112;742
68700;47352.73724670976;302.166024319885;180.5650045154993;742
68800;46991.247267607716;299.85929410389673;180.80546727798273;742
68900;47225.88000207668;301.356526252915;181.11442233118032;742
69000;47257.94100217335;301.5611130518672;180.8509803625375;742
69100;46946.68928935309;299.57496192113854;180.94765227636648;742
69200;46732.5512470142;298.20850995507647;180.97896428164475;742
69300;47329.32284800644;302.01661298319374;180.91485793775436;742
69400;46686.038985674095;297.91170715320163;181.24555974907625;742
69500;46844.75537147978;298.92450392233997;181.5248055802336;742
69600;46815.64868961368;298.7387691401076;181.30539241181117;742
69700;47343.52924883977;302.1072664893963;180.62261593274712;742
69800;47314.925032903906;301.92473802936036;180.78289690405205;742
69900;47296.82851468376;301.80926100981395;180.9706799051005;742
70000;47006.51299461699;299.9567073540477;180.7814383489798;742
