#"Step";"Potential Energy (kJ/mole)";"Kinetic Energy (kJ/mole)";"Temperature (K)";"Box Volume (nm^3)";"Speed (ns/day)"
100;-317725.0686821842;222.20636984466694;1.364753397508647;212.8922286722436;0
200;-318045.3518853092;299.38893799833227;1.8387954881552466;212.32659369561816;634
300;-318382.67842339515;379.386836950159;2.3301288575108563;211.81791474480173;659
400;-319005.1252007389;434.3158022009143;2.6674931373917907;209.78131523419165;646
500;-319410.2797417545;413.55838170688025;2.5400046222670816;208.37253198735408;648
600;-319847.089312067;422.92834090104316;2.597553303943896;206.80008043594646;645
700;-320300.1542534733;438.59488541398554;2.6937745322831415;204.836881061308;639
800;-320787.9513726139;463.6461113021387;2.847634863409172;202.23221242815237;643
900;-321236.15596245765;532.7840235602403;3.2722680578439594;199.55398759972297;647
1000;-321471.61287163734;548.7742583087027;3.370477336071132;199.55398759972297;655
1100;-321653.0351128483;735.2819138647806;4.51597535558994;197.04819180484859;663
1200;-321858.009233942;956.0307255461466;5.871776680946821;195.04951879341147;664
1300;-321932.9835991764;1023.6711377152842;6.2872124867756405;195.04951879341147;669
1400;-322023.81123589515;1085.1690856353703;6.664922331108267;194.41672579038882;670
1500;-322117.66670464515;1120.5423913713385;6.882179105601374;194.28316133581103;673
1600;-322250.5609917545;1187.8704386175796;7.295696419669207;194.28316133581103;673
1700;-322337.9608940983;1179.8893014574078;7.246677644631655;194.28316133581103;673
1800;-322437.7314019108;1184.4035918129339;7.274403641435218;193.94009091138844;674
1900;-322496.8524956608;1168.1177163266075;7.174378588522001;193.94009091138844;675
2000;-322563.0937065983;1154.5845942866215;7.091260474959905;193.94009091138844;675
2100;-322455.89241265296;1325.2039655826375;8.139175378658674;193.94009091138844;675
2200;-322337.61397027015;1432.1707850803923;8.796147230691108;193.7863493735344;675
2300;-322270.48396538734;1542.8738139514426;9.476066239637062;193.6642901150511;677
2400;-322223.8408989811;1641.9969999829227;10.084863840727033;193.46717649500826;677
2500;-322189.208452692;1726.9587580065927;10.60668438080501;193.46717649500826;680
2600;-322172.62568902015;1787.1900664396526;10.976614742737805;193.46717649500826;681
2700;-322146.25947808265;1832.7446374348692;11.25640310155592;193.46717649500826;680
2800;-322134.5498833561;1857.2410730188485;11.406856005824407;193.46717649500826;679
2900;-322147.88154839515;1904.7872008289419;11.698876164888999;193.46717649500826;679
3000;-322156.2746148014;1918.2336394474005;11.781461883749179;193.46717649500826;679
3100;-321967.729937067;2109.7516273527144;12.957732504886236;193.46717649500826;678
3200;-321851.9710259342;2288.561465280538;14.05595184932068;193.46717649500826;678
3300;-321717.282671442;2381.542252161147;14.627023888736314;193.46717649500826;677
3400;-321624.864702692;2489.172353556427;15.288069504377715;193.46717649500826;677
3500;-321569.9374565983;2611.0946436168306;16.036895290552465;193.24330820530201;677
3600;-321493.7016167545;2646.3008475850656;16.253125754659408;193.24330820530201;677
3700;-321466.2608208561;2720.445452348038;16.70850919541288;193.24330820530201;677
3800;-321446.15107964515;2780.5106530000703;17.077419351855305;193.14207824538894;679
3900;-321405.2626519108;2793.7719939736126;17.158868232739383;193.14207824538894;679
4000;-321382.1957573795;2830.5228001185387;17.38458537839336;193.14207824538894;678
4100;-321231.63936089515;3060.449088500791;18.796753190979416;192.87047946174698;678
4200;-321108.2220024967;3249.7926412731467;19.959668804618527;192.87047946174698;680
4300;-320907.9922661686;3325.3600167949153;20.423790659254102;192.87047946174698;682
4400;-320857.50374077796;3479.128480568601;21.368210180222484;192.87047946174698;682
4500;-320773.8291802311;3511.1892243554175;21.565121767591915;192.74530588970717;683
4600;-320833.9823784733;3624.0886369090003;22.258530588261376;192.65323993647203;683
4700;-320812.8761773014;3699.7789308905158;22.723407386986416;192.71388675944615;685
4800;-320794.6018853092;3751.727762582028;23.042468197876566;192.71388675944615;686
4900;-320772.7404351139;3806.6492303596533;23.37978642956395;192.63957163500987;686
5000;-320768.9738335514;3844.0649244968517;23.609587203185253;192.72723499194024;687
5100;-320603.2968315983;4034.7834374918166;24.780947586596522;192.46623778932664;688
5200;-320508.5966362858;4205.043877546963;25.826657996199142;192.46623778932664;688
5300;-320352.84724663734;4308.64734883896;26.462972740633717;192.46623778932664;688
5400;-320291.5956597233;4435.477545817237;27.241942049001402;192.46623778932664;688
5500;-320245.96943902015;4538.710849747804;27.875983289015227;192.57796579471417;689
5600;-320177.194780817;4590.338262661477;28.193070000920788;192.57796579471417;689
5700;-320173.1952690983;4656.860260473331;28.60163669766425;192.57796579471417;689
5800;-320179.6282524967;4771.241208897365;29.30414485744871;192.57828228348916;689
5900;-320140.3470024967;4756.3068701400625;29.21242071122904;192.55522014010506;689
6000;-320220.4093804264;4854.45081526009;29.815203982658623;192.40146737766648;690
6100;-320001.59834527015;5000.100136005982;30.709757120229504;192.23184757157244;690
6200;-319851.83467339515;5172.040738495255;31.765786799220958;192.23184757157244;691
6300;-319755.5653862858;5316.402203405887;32.652430147221445;192.20439513608656;691
6400;-319704.5136284733;5433.496675833201;33.37160430584872;192.20439513608656;691
6500;-319660.7816948795;5491.578901136214;33.728335367935564;192.07243791294601;691
6600;-319659.9672417545;5599.5355311556195;34.391386466360686;192.00815045030717;692
6700;-319500.560015192;5612.766021141375;34.472645865771185;191.97705621731006;692
6800;-319538.1302056217;5754.853613621264;35.34532347945215;191.97705621731006;693
6900;-319559.6016411686;5820.384107738839;35.74780053062714;191.97705621731006;692
7000;-319518.8557915592;5825.697706175928;35.78043574052271;192.01841366722175;692
7100;-319329.13447808265;6018.71678036877;36.965925776081995;192.10598189000413;692
7200;-319241.36677788734;6252.0140532644655;38.39879759715749;191.8739105882541;693
7300;-319163.317827692;6355.837745027791;39.03646489794162;191.7312793712852;693
7400;-319129.60603569984;6461.3210471916755;39.684325241050715;191.7312793712852;694
7500;-319081.0819878483;6544.720104218126;40.19654793973137;191.7312793712852;694
7600;-319074.98311089515;6631.374314303759;40.72876322998369;191.54415513759125;693
7700;-319076.1938042545;6690.95165271427;41.094677020245896;191.54415513759125;694
7800;-319010.6446099186;6636.858368423775;40.76244534943709;191.6096676197035;694
7900;-319096.15010308265;6792.170310901354;41.716344651775344;191.6096676197035;694
8000;-319029.007280817;6764.261014684598;41.54493054307756;191.33019100793754;695
8100;-318919.5009331608;6961.846468336007;42.75846649777387;191.2355467726583;695
8200;-318788.9086480045;7120.344928184761;43.73193684306453;191.2355467726583;695
8300;-318694.0137505436;7228.811041720706;44.39811710183128;191.2355467726583;695
8400;-318650.2270073795;7310.391059995309;44.899167576608;191.21509309633848;695
8500;-318511.3690972233;7371.813123554981;45.27641135221917;191.42508283477486;695
8600;-318482.91267632484;7516.8455362557725;46.167175546425874;191.31671520435023;695
8700;-318544.46260308265;7616.676128050545;46.7803179123376;191.12687973441254;696
8800;-318600.5937065983;7730.6591405084255;47.48038201769563;191.25817817588705;696
8900;-318504.59248589515;7675.666010848712;47.14262365102418;191.17455938446878;696
9000;-318537.4921440983;7763.989838563633;47.68509344628329;190.96451980465304;696
9100;-318302.54255913734;7912.624792496092;48.59798383061236;191.3967553270333;696
9200;-318110.8700737858;8050.079872192611;49.44220934562249;191.33413425917698;697
9300;-318066.276812067;8174.261118756796;50.20490925505265;191.16012769948966;696
9400;-318057.1073784733;8279.293972692849;50.85000302243412;190.92718082654386;696
9500;-317969.9961724186;8343.172163559779;51.242331910545154;190.86932457804798;697
9600;-317946.3742241764;8471.937150121274;52.03318436456257;190.85754411026994;697
9700;-317938.8946099186;8505.544735086572;52.23959638504387;190.88578279822914;697
9800;-317930.729937067;8650.281673688616;53.12854582803338;190.95927231468983;697
9900;-317841.2152886295;8616.964323194523;52.92391637787592;191.1588732376948;697
10000;-317958.3742241764;8791.463095320913;53.99565789584885;191.0006013601762;697
10100;-317582.2196831608;8853.044516475813;54.37388041846741;190.94934632254575;697
10200;-317489.761187067;9156.168481009488;56.23561579874842;190.94934632254575;698
10300;-317398.6085991764;9334.95423371775;57.333687215896845;190.90010907523396;698
10400;-317287.98604058265;9479.302314967383;58.220248363747835;190.80433667397938;698
10500;-317183.29182671546;9467.674501523381;58.14883232867022;190.9722472794878;698
10600;-317210.8743462467;9557.312081617536;58.699370965629484;190.69898646157418;698
10700;-317107.75081109046;9573.621130713676;58.799538346878066;190.65190772594534;699
10800;-317025.8293023014;9568.18490018684;58.76614995172842;190.68080679528356;698
10900;-317204.52705620765;9781.575496726931;60.07675838220712;190.52337720745777;699
11000;-317182.368608942;9770.843738108495;60.0108457621234;190.21779392532937;699
11100;-317011.63447808265;9944.62399749455;61.07817429812731;190.32305092717294;699
11200;-316834.0160698795;10118.055882745495;62.14336317996727;190.31925328292206;699
11300;-316808.862749567;10245.780168225348;62.9278238265043;190.40887485446785;699
11400;-316728.8690972233;10293.599430719973;63.22152153193694;190.40887485446785;699
11500;-316727.9903130436;10273.97894446968;63.10101587186259;190.0542003517387;699
11600;-316683.9579644108;10376.050328500918;63.72792079921648;190.18135713064058;699
11700;-316750.7815728092;10558.052053082298;64.84574416381447;190.1445621945438;700
11800;-316620.0692925358;10602.008450750756;65.11571681627355;190.07542375095667;700
11900;-316542.90291069984;10591.014929048572;65.04819649224265;190.07542375095667;700
12000;-316634.6331353092;10756.267855295853;66.06315161122453;190.07542375095667;700
12100;-316323.8937554264;10909.797958778101;67.00610716418065;190.10835238675853;700
12200;-316299.8203911686;11139.081527465372;68.41432750267772;189.95293772401214;700
12300;-316032.9613823795;11130.006765350641;68.35859187081299;190.08364388986539;700
12400;-315964.99470757484;11353.457724176697;69.73098932029926;190.172602158712;700
12500;-316033.9286675358;11417.392631198018;70.12366654929923;190.01268755465983;700
12600;-315933.2345757389;11425.59272209456;70.17403010061757;189.85182093551103;700
12700;-315952.00252007484;11465.431747377137;70.41871455833963;190.02433046711184;700
12800;-316026.8754448795;11559.377212708641;70.99571148728154;189.6076488510647;700
12900;-316068.5275444889;11595.32623372483;71.21650420624478;189.6076488510647;700
13000;-316112.5656304264;11707.284112588852;71.90413028854091;189.87669633464054;700
13100;-315842.0030083561;11862.780895918142;72.85916485167546;189.71652326486725;700
13200;-315833.124468317;12093.485054861587;74.27611021178164;189.81032910128638;700
13300;-315534.44124077796;12044.084601973642;73.97270110625321;189.70657818094182;700
13400;-315481.1532769108;12190.63147432798;74.87276685180164;189.764440889136;700
13500;-315440.58674859046;12313.942973706813;75.63012492325024;189.802716852911;700
13600;-315380.979937067;12428.12351523072;76.33140221823983;189.77463051255629;700
13700;-315299.9757866764;12354.900683038606;75.88168014645923;189.6383993336095;700
13800;-315434.7489800358;12557.843457669107;77.12811984740219;189.29923928055814;700
13900;-315421.6132378483;12596.007114640612;77.36251448041665;189.1020332294284;700
14000;-315348.69710015296;12627.552156942256;77.55625871774801;189.0940528805457;700
14100;-315216.3983940983;12856.17931212677;78.96044747713827;189.13270696856006;700
14200;-315083.14424370765;13082.40076697286;80.34986083781905;189.15058493184517;700
14300;-314753.0409722233;13094.121287807968;80.42184626578613;189.41372526474674;700
14400;-314865.45967339515;13405.296104742272;82.33302860014987;189.54915893672504;700
14500;-314695.45369194984;13399.55819729218;82.29778735709921;189.43955416816698;700
14600;-314539.57966851234;13362.462901629857;82.06995441593676;189.44672208837216;700
14700;-314663.280718317;13594.009109868435;83.49207149833518;189.31577911647278;700
14800;-314699.98897027015;13655.107599593117;83.8673279389705;189.24558353860806;700
14900;-314500.0081353092;13462.639694884245;82.68522309181232;189.33193057088178;700
15000;-314553.27327202796;13590.645902170741;83.47141525371374;189.02257012795286;700
15100;-314513.5121636295;13755.810848465306;84.48583001492158;189.1695802569912;700
15200;-314337.7962212467;13856.645645963697;85.10514003996374;189.3270903257699;700
15300;-314296.35322808265;14151.642100176832;86.91695764637085;189.45971372753976;700
15400;-314226.8174614811;14240.133432710601;87.46045622748693;189.12297792846866;700
15500;-314169.23811577796;14285.135384295136;87.73685049270284;188.7830719708764;700
15600;-314206.339312067;14500.865915485687;89.06183040031964;188.87628723697026;700
15700;-314134.56428765296;14585.466844904644;89.58143479301829;188.80826548062538;700
15800;-313889.74885796546;14416.254358005302;88.54216073189124;189.0575137741895;700
15900;-313984.0753960514;14464.510210050837;88.83853989543573;189.30159194237217;700
16000;-313957.4445366764;14421.686021387228;88.57552107642047;189.2110720578305;700
16100;-314120.3781304264;14865.015310175135;91.29837350189926;189.2288488781077;700
16200;-313854.0434136295;14964.810847615357;91.91130056997996;189.0357043084101;700
16300;-313487.2842583561;14900.971055540023;91.51920752065844;189.4397946948137;700
16400;-313475.827593317;15196.963248635642;93.3371407844333;189.21376955221274;700
16500;-313450.8577446842;15465.414506106637;94.98592234706413;188.89004353547975;700
16600;-313332.6875176334;15564.184271468257;95.59254929903959;188.91180112960888;700
16700;-313227.72346734046;15555.600465042051;95.53982903277578;188.6844090327531;700
16800;-313164.2480034733;15568.463382187183;95.61883086286717;188.74122735469777;699
16900;-313331.41377495765;15758.89220453726;96.78841201604254;188.48344178653016;700
17000;-313117.3877739811;15604.426897445926;95.83971260298125;188.74424315343458;699
17100;-312892.8185601139;15631.337809104414;96.00499480502457;189.01482818351255;699
17200;-312916.62068413734;15976.486579752876;98.12483933386369;188.95606379087258;699
17300;-312765.421343317;16170.118642445683;99.31409423961345;188.9531439018308;699
17400;-312714.5356011295;16266.696559960008;99.90725923818718;189.05516470749234;699
17500;-312528.7362847233;16291.983967382665;100.0625701557742;189.14019340182085;699
17600;-312553.94697808265;16306.079094484376;100.14914000799682;188.8391437483627;699
17700;-312549.20759819984;16278.383960258157;99.9790412454991;188.21584761139272;699
17800;-312484.495562067;16462.22139676285;101.10813923775937;188.26074600725528;699
17900;-312619.48506402015;16547.847922705754;101.63404266833669;188.3805521535883;699
18000;-312494.24092339515;16534.302659985202;101.55084998879764;188.58149657673908;699
18100;-312278.2665581608;16679.658585355675;102.44360114231337;188.65946704337395;699
18200;-312134.0859551334;16782.443750498933;103.07488999078701;188.71991440713543;699
18300;-312024.97419976234;17179.012292999716;105.51054593575984;188.6712134757881;699
18400;-311901.3927788639;17066.660093703984;104.82049800502948;188.6768641939721;699
18500;-311868.1405815983;17050.687488224823;104.72239700274953;188.5859498542161;699
18600;-311927.9095024967;17262.444626020442;106.02297300988785;188.34520635783068;699
18700;-311978.19002007484;17523.975868370326;107.62925302697813;188.34520635783068;699
18800;-311736.4804253483;17335.169404143195;106.46963611903035;188.20175727257362;699
18900;-311611.82087944984;17134.89296919282;105.23957261891327;188.51772604374563;699
19000;-311733.0282769108;17372.03543256485;106.69606094013822;188.57751004428638;699
19100;-311640.0089898014;17731.97081316635;108.90672229022846;188.33874667057057;699
19200;-311331.88337944984;17808.65216421221;109.37768599139756;188.60178024872698;699
19300;-311237.8283257389;17966.973872728515;110.35007076033123;188.52970570665983;699
19400;-311171.29951714515;18084.401161751768;111.07128902138625;188.18961476303096;699
19500;-310955.23591851234;18035.16360232857;110.76888037956908;188.0660617607928;699
19600;-311045.5253472233;18377.691435296903;112.87262755887627;188.16937219247313;699
19700;-310886.8146538639;18310.06408658414;112.4572719865551;188.1572807949353;699
19800;-310902.7659478092;18411.447201206873;113.07994968129492;187.82428664263222;699
19900;-311015.2414116764;18647.07689716376;114.52714684461606;187.64266312934083;699
20000;-311032.1320366764;18548.621585343964;113.92245121234068;187.4549693687659;699
20100;-310618.768999567;18699.86817870059;114.85138183790896;187.4549693687659;699
20200;-310662.61104058265;19253.205906266725;118.24988721916108;187.4576942513281;699
20300;-310271.6789116764;19217.521296163555;118.03071846665809;187.35685931572155;698
20400;-310364.0381646061;19241.200603791804;118.17615271122494;187.53305865319444;698
20500;-310134.0158257389;19266.54950422072;118.33184130830546;187.53305865319444;698
20600;-310104.5598931217;19347.306208962866;118.82783513262963;187.53305865319444;697
20700;-309861.90303277015;19434.772402614646;119.36503748662544;187.69217228376948;697
20800;-309848.4433159733;19317.281022852752;118.64342559125036;187.68761670498608;697
20900;-309817.21748589515;19398.31570463162;119.14112670283889;187.65446339262874;697
21000;-309983.54365777015;19462.989263177267;119.53834060276377;187.48984095379365;697
21100;-309939.77314995765;19885.831222033332;122.13536336300879;187.59576812293767;697
21200;-309644.02717827796;19761.198012971872;121.36988757746792;187.56566600970706;697
21300;-309577.6770806217;20061.53396324988;123.21449945255695;187.53204784740967;697
21400;-309524.8449273014;20236.57032407564;124.28954274808218;187.75036833068282;697
21500;-309659.585405817;20257.389912375365;124.4174130872027;187.1748352236756;697
21600;-309410.212358942;20208.97040698974;124.12002879292297;187.31145992008032;697
21700;-309268.5805230045;20280.21031512771;124.55757208539232;187.22828582029118;697
21800;-309384.94587944984;20470.53593410962;125.72651938118798;187.48813862972645;697
21900;-309248.6513237858;20504.461323293464;125.9348833006509;187.57435417150143;697
22000;-309292.2895073795;20593.62310189125;126.48249964645727;187.83908394409985;697
22100;-309007.6603569889;20783.12180122896;127.64636814368083;187.96905780238797;697
22200;-308950.9795708561;21022.312074478337;129.11543376181007;187.79207449456524;697
22300;-308540.2912163639;20901.77883822733;128.37513930579934;187.30944443353113;697
22400;-308489.9503960514;21094.039406901342;129.55597073060605;187.26694258589458;697
22500;-308294.7451958561;20786.057548729677;127.66439900111587;187.0023506644875;696
22600;-308490.36464165687;21251.160373284816;130.5209807473827;187.20625539707677;696
22700;-308466.9427056217;21292.10485494233;130.77245472848585;187.5801404964778;696
22800;-308282.2250542545;21088.055904892477;129.5192210879144;187.50883926291988;696
22900;-308321.19990777015;21159.918324117156;129.96058773666812;187.48719429890457;696
23000;-308437.82588433265;21417.46306332838;131.54238333548332;187.41663374035747;696
23100;-308023.5998101139;21347.036391866393;131.10983480314303;187.41663374035747;695
23200;-307824.24080132484;21621.870391064556;132.7978180703139;187.72906336671414;695
23300;-307598.59724663734;21720.034222504444;133.40072348010798;187.5073073281551;695
23400;-307696.06318902015;22015.27368664692;135.21403361180558;187.5073073281551;695
23500;-307695.2821831608;22023.95280162993;135.26733924687227;187.29674440982615;694
23600;-307709.6299614811;22001.695990593995;135.13064173230399;187.2302563208424;694
23700;-307476.6848931217;22061.524914484005;135.49810071741436;186.95470220264679;694
23800;-307559.00068902015;22244.775124467153;136.6235920651354;186.5885527920841;694
23900;-307683.200640192;22569.58954376611;138.6185464969455;186.95982872152865;694
24000;-307551.8897271061;22407.830888909637;137.62505259330032;186.68695334390088;694
24100;-307244.9688286686;22566.98014959076;138.60252004563924;186.68695334390088;694
24200;-307091.6172661686;22799.28269377636;140.02928241365248;186.78101998056474;693
24300;-307166.34443902015;23045.913367602858;141.54404569550556;186.92448332508204;693
24400;-307061.2685112858;22940.60537017687;140.89726204401788;186.3746175425317;693
24500;-306876.3227715397;22874.52010349294;140.491377674928;186.48581507552947;693
24600;-306915.4864067936;23175.133772714198;142.33769525211557;186.6201760080214;693
24700;-306734.1886773014;23125.482360648006;142.03274479837384;186.84519437298033;692
24800;-306676.849077692;23222.49895623143;142.62860408237975;186.84060207466555;692
24900;-306862.64998101234;23560.982470726463;144.7075117515464;186.37404211725328;692
25000;-306682.5565972233;23617.727150217048;145.0560278367489;186.37404211725328;692
25100;-306357.7461724186;23794.373431349522;146.14095898656848;186.40260428778535;692
25200;-306098.1614556217;23749.18434717809;145.86341538511198;186.58869964521145;691
25300;-306075.9191460514;23858.959283417367;146.53763420835534;186.72978163144754;691
25400;-306182.06331109046;23947.89806185593;147.08388092544607;186.68273272739543;691
25500;-306410.9106011295;24174.69312187651;148.4768172706896;186.2135671240967;690
25600;-306010.18818902015;24170.062279685924;148.44837543251302;186.24123911702415;690
25700;-305567.3684868717;23964.00370310599;147.18279901060467;186.34950710218712;690
25800;-305790.2619194889;24334.56982352912;149.45875254066138;186.7996671541561;690
25900;-305502.02888726234;24098.719064964273;148.010197648732;186.78289518140687;690
26000;-305897.1145806217;24468.382156915264;150.28060493285412;186.53904903148208;690
26100;-305347.0844292545;24580.2218660044;150.96750523666844;186.46146647648814;690
26200;-305277.16877984046;25009.759815080324;153.6056536199486;186.27215376928578;690
26300;-305365.5060601139;25272.945127864834;155.22209265384362;186.27215376928578;690
26400;-305105.93025444984;25114.20933632541;154.24716465803013;186.09563498149424;689
26500;-305361.1513237858;25042.375309288618;153.8059723892229;186.06185858783658;689
26600;-305367.4229302311;25163.42134440632;154.54941636788703;185.90923868695734;689
26700;-305056.2763237858;25126.56289095478;154.3230380709459;186.28631932285296;689
26800;-304907.8603081608;25041.892530997982;153.8030072477967;186.11367667143872;689
26900;-305081.36201714515;25277.997556812013;155.2531238055435;185.7758628936478;689
27000;-305019.9102349186;25250.472134487005;155.08406738442392;185.8008631574719;689
27100;-304403.87080620765;25305.921251797467;155.42462634900812;185.74319920135605;689
27200;-304376.8261284733;25516.88071241253;156.7203031597686;185.88075905297586;689
27300;-304093.892046442;25577.35275059496;157.0917120425177;185.967421279647;689
27400;-304145.0598931217;25897.148843849194;159.0558447768034;185.83415832367191;689
27500;-303920.6161675358;25800.108058223675;158.45983692170944;185.8081890307694;689
27600;-303869.0614800358;26097.551271479228;160.2866821023412;185.72548973771688;689
27700;-303731.9190239811;25920.34564203074;159.19831553113738;186.1429794975752;689
27800;-304018.7415337467;26253.062805616646;161.24180726240832;185.57210575689183;689
27900;-303615.19197319984;26092.86658504361;160.2579095620502;185.44974631786425;689
28000;-303937.21541069984;26476.298556522583;162.6128829417745;185.51588175876552;689
28100;-303244.2295708561;26477.18206448946;162.61830929611514;185.59176370041538;689
28200;-302915.1806206608;26824.224030468555;164.74978150584133;185.96893539670964;689
28300;-302437.2440972233;26590.61152497129;163.31497358021448;185.62926189155235;689
28400;-302609.2392144108;27030.888625057996;166.01907998638376;185.8097597265199;689
28500;-302453.8166069889;26970.461859927163;165.64794916294963;185.4058676609779;689
28600;-302645.44294976234;27307.234793839743;167.71635073967957;185.16273567117167;689
28700;-302319.5694146061;26992.535356484004;165.7835207914403;185.69620246449077;689
28800;-302447.4589409733;27203.129650350136;167.07695481068401;186.07385997752613;689
28900;-302383.3938774967;27473.06228307297;168.73483472593787;185.87000834922208;689
29000;-301980.56318902015;26925.538629025803;165.37203838666292;185.3157478073709;688
29100;-302054.25166558265;27720.637127799797;170.25539694346028;185.1416241922539;688
29200;-301682.7881646061;27827.31422410166;170.91058936533412;185.23607030042132;688
29300;-301541.2440972233;27959.6099283796;171.72312688176686;185.43768102275044;688
29400;-301229.4798149967;27859.87333045446;171.11056181007498;185.7029415997326;688
29500;-301171.76826714515;28024.00219063612;172.1186131081486;185.9239436878261;688
29600;-301230.61299370765;28232.71600509982;173.40049754555446;185.9239436878261;688
29700;-300893.80452202796;27865.858191888197;171.14731980212093;186.09661291925917;688
29800;-301190.37288140296;28160.524707700766;172.9571109834825;186.1408059855708;688
29900;-301081.21174859046;28278.47944910318;173.6815687665502;185.96121586862907;688
30000;-301042.7425103092;28323.830640974455;173.9601080056848;185.70696453134698;688
30100;-300698.23030327796;28301.77292307772;173.8246332870172;185.87973481319636;688
30200;-300398.4438042545;28418.446973940147;174.5412252885287;185.53310366023894;688
30300;-300431.9386773014;28864.33122308948;177.27976984216832;185.47208468356902;688
30400;-300017.7694878483;28787.385814964247;176.80718434772453;185.73270644954712;688
30500;-300210.89814995765;28998.123097815143;178.10149658077864;185.38695531231505;688
30600;-300017.8996148014;28827.870148374932;177.0558321772477;185.3157902205411;688
30700;-300224.03486870765;29125.190261315438;178.88192129686595;185.25469626824938;688
30800;-299984.9660210514;28940.3302801823;177.74654301094552;185.3721077875894;688
30900;-299904.3233208561;29054.94771477772;178.45050362821846;185.11244881301351;688
31000;-300123.13112114905;29428.449008826166;180.744484491066;184.72114355295014;688
31100;-299634.03694390296;29562.401675559;181.56719878659575;185.08844467041763;688
31200;-299557.5321831608;29811.860411449743;183.09933154040968;185.1026287538033;688
31300;-299108.0285210514;29288.724539343733;179.88632077337175;185.25718353232818;688
31400;-299287.962358942;29885.355824022787;183.55072775412074;185.79893343748674;688
31500;-298950.18049859046;30022.318102586825;184.3919265691298;185.45735773143542;687
31600;-299026.44880913734;30066.895884856116;184.66571565919025;185.5027441048919;688
31700;-298587.23213433265;30128.997834931244;185.04713518112473;185.5867546359448;687
31800;-298497.49397515296;30163.05344669777;185.25629890534688;185.47308966200748;687
31900;-298558.690874567;30263.345843291492;185.8722775970975;184.94758116697218;687
32000;-298476.2538628483;30479.758162250277;187.20144492820592;184.99265329266856;687
32100;-298318.8694634342;30437.39685950405;186.94126907507345;184.99265329266856;687
32200;-298215.61689995765;30386.825482902612;186.63066835700337;184.62294710970536;687
32300;-297862.1429009342;30577.803668925626;187.8036236075983;184.62294710970536;687
32400;-298071.5130181217;30598.232076985354;187.92909138480334;184.38522709024622;687
32500;-297621.2655815983;30288.3916514077;186.02610465319782;184.45003706036513;687
32600;-297942.82197808265;30808.720076958765;189.22187256519578;184.46355371521886;687
32700;-297649.51924370765;30786.605623004667;189.08604938339863;184.5742301876526;687
32800;-297470.7836480045;30599.695011663134;187.93807647858455;184.3855846828482;687
32900;-297732.4492974186;31064.73407846084;190.79426663564476;184.43022471314623;687
33000;-297180.1271538639;30518.694028737722;187.4405823395719;184.25086558181195;687
33100;-297084.51350640296;31158.70001427643;191.3713892907876;184.41132674593837;687
33200;-297264.9066948795;31388.178904826695;192.78080926265392;184.6646911311889;687
33300;-296624.604937067;31067.873689950677;190.8135495907221;184.21110130407973;687
33400;-296330.77034234046;31363.511276045465;192.6293049191412;184.5348283699093;687
33500;-295977.5766167545;31266.219700991234;192.03175675840643;184.5481764991324;687
33600;-296028.96455620765;31744.34998111945;194.9683509015576;184.33958185553973;687
33700;-295591.231890192;31494.076804263517;193.43121599107695;184.32677836055288;687
33800;-295423.4914116764;31629.58744773385;194.26349911241144;184.24310033818458;686
33900;-295788.65272759437;31978.158825571998;196.4043647073601;184.31418544567774;686
34000;-295626.1664605045;31936.84326048824;196.15061159552323;184.17734919028948;686
34100;-295352.3819146061;32194.950765462476;197.73586360509577;183.90665329328394;686
34200;-295441.9043755436;32403.94758729427;199.01948622519814;184.03803687669995;686
34300;-295088.84736870765;32569.578361515596;200.0367620216056;184.37376328122596;686
34400;-294584.8311333561;32506.261519535736;199.6478808420429;183.75099387165187;686
34500;-294646.720171442;32598.215766084963;200.21264804687658;183.99802929523273;686
34600;-294393.2312188053;32573.698629847495;200.06206800274617;183.8644470048841;686
34700;-294363.8968071842;32599.643597131944;200.22141754018048;184.13334546494096;686
34800;-294089.51924370765;32523.269725386286;199.75234232411606;184.06443298251403;686
34900;-293942.54658745765;32696.685165139847;200.81743020053278;183.99469772697864;686
35000;-293686.89912652015;32780.849524004036;201.33435325179067;183.99469772697864;686
35100;-293644.9042534733;33373.08522473875;204.971763310146;183.72895396364422;686
35200;-293642.1415581608;33626.88637811015;206.53056644705592;183.80603510556904;685
35300;-293392.0157036686;33874.37385190395;208.0505920472987;183.43879653688737;685
35400;-293030.8846611881;33461.28917973937;205.51349686776155;183.31033622646214;685
35500;-292635.35603569984;33560.26200795328;206.12137099693433;183.6101783413093;685
35600;-292287.6352105045;33576.15877152607;206.2190061912383;183.6101783413093;685
35700;-292200.5597710514;33589.92793026607;206.3035740017128;183.93796526353196;685
35800;-292183.9925103092;33704.40192844742;207.00665365714124;183.54665899746095;685
35900;-291783.9989800358;33694.76263860225;206.94745079281762;183.77928509551947;685
36000;-292034.4796929264;34155.524690647086;209.77737225911412;183.3746968816251;685
36100;-291796.80525444984;34138.74623894504;209.67432188759997;183.45204703138424;685
36200;-291605.3372368717;34106.901466436044;209.47873675876264;184.04160585720334;685
36300;-291292.7465386295;34027.858691008296;208.99326959421222;183.91454404925335;685
36400;-291299.53779839515;34352.099376254046;210.98470024990857;183.58233420066261;685
36500;-290814.22127007484;34474.40933637017;211.7359070390493;183.4632547707149;685
36600;-290457.6723198795;34200.70982130803;210.05489157878756;183.2913820941859;685
36700;-290415.6358208561;34381.5875407923;211.16581149693542;183.29312071117263;685
36800;-290114.68220757484;34398.05666223017;211.26696201504174;183.1307210986238;685
36900;-290120.77022027015;34774.639155553654;213.57986707516568;183.23484698473487;685
37000;-290258.56556939124;35203.44807905954;216.21353790848062;183.0393327609505;685
37100;-289286.6913628483;34768.758664311375;213.5437501069279;182.88689748659604;685
37200;-289220.9855523014;35334.49370992588;217.01839768850635;183.4828432635191;684
37300;-289156.6942315006;35487.1082110976;217.9557297691699;183.3153096168793;684
37400;-288679.7964043522;35149.19744753803;215.88033983797644;183.1737148669707;684
37500;-288741.7582573795;35941.78351232817;220.74826745632737;182.7832995690681;684
37600;-287953.17982720374;35408.296390923904;217.47168109216264;182.3580016679101;684
37700;-288177.88240288734;35584.18778207642;218.55197583724905;182.39523201510295;684
37800;-288210.9716362858;35983.00402233476;221.00143675618975;182.09969870567127;684
37900;-288015.1273980045;35922.97237306379;220.6327326665731;182.22211235120147;684
38000;-287776.6105523014;35444.33018155978;217.69299445158526;181.97874339713783;684
38100;-287183.9639458561;35786.77216091272;219.79621433271743;182.24620673879838;684
38200;-287211.38838433265;36112.46026914666;221.79653481205895;181.81425858533387;684
38300;-286859.4855523014;36188.735059277446;222.26500148584523;182.0662075463902;684
38400;-286462.19587944984;36584.43716100219;224.69533590023522;182.36092856792305;684
38500;-286204.9505181217;36511.851625017385;224.24952799241285;182.21751659641018;684
38600;-286028.8016533756;36801.80366411514;226.0303636667;181.76250155490936;684
38700;-285414.00471734046;36510.3242444474;224.24014708301934;181.85631036708534;684
38800;-285798.3827690983;36811.49169251474;226.0898658748624;182.42445008676782;683
38900;-285135.4008355045;36568.588692823076;224.59799732795273;182.5322451064993;683
39000;-285207.93373345374;36972.768482666324;227.0804002481683;182.7498911254356;683
39100;-285267.4661431217;37501.22968234774;230.32611826345683;182.76108826920347;683
39200;-284877.836565485;37502.23670884507;230.33230324741828;183.02506045773558;683
39300;-284356.5946831608;37380.914506035275;229.58716309417403;182.5846140613557;683
39400;-284285.5639824772;37435.52905509353;229.92259628374802;182.68335419795525;683
39500;-283964.47822808265;37283.91396150741;228.99140239299732;182.75204873833917;683
39600;-283807.815874567;37479.502617800375;230.19267436092773;182.46166450772392;683
39700;-283638.3341851139;37782.918811855256;232.05620456478735;182.5584697362528;683
39800;-283400.2694878483;37725.00927088014;231.70053410021336;182.63041156900098;683
39900;-283292.8595757389;37709.02457242593;231.60235882495556;182.28506443427204;683
40000;-283281.4319634342;37467.66162984236;230.11994904456142;182.52496771037733;683
40100;-282914.1375908756;37625.51092201809;231.0894323133883;182.5032555737558;683
40200;-282452.3549981022;38006.58110537962;233.4298999957299;182.57228506161618;683
40300;-282481.92830132484;38487.91466529318;236.3861681337053;183.05711768816647;683
40400;-282419.2566094303;38694.83663157664;237.65704734703266;183.436129164684;683
40500;-281791.630327692;38491.60693269881;236.40884540659295;183.33710058622512;683
40600;-281448.1692681217;38816.35826111352;238.4034123450171;183.2406481794499;683
40700;-281021.12080620765;38709.29265794228;237.74583378061138;183.59102451048136;683
40800;-281374.5536675358;38961.01633887889;239.2918774382787;183.62354695151524;683
40900;-281337.1184868717;39147.80774083863;240.43911817952372;183.36610880551834;683
41000;-280998.3429741764;38918.58755105501;239.03128710337833;183.35459872293544;683
41100;-280881.1864800358;39119.25052917795;240.26372468533842;183.11986189321954;683
41200;-280020.8540215397;38784.65030345891;238.20866750954082;183.4950185644421;682
41300;-279778.1137261295;38871.178574262536;238.74010930233163;183.54279924550823;682
41400;-280009.567034235;39323.66628054081;241.5192111566388;183.29707515630184;682
41500;-279865.4305596256;39284.64578240906;241.27955395223455;183.4322556353424;682
41600;-279685.3805107975;39096.58405745553;240.12451110512316;183.18645070649364;682
41700;-279619.8969902897;39286.15915444872;241.28884882363835;183.50567478240438;682
41800;-279406.89522027015;39492.13874955196;242.5539401548685;183.03646202567649;682
41900;-279103.9134087467;39297.06673986022;241.35584134171683;183.23902977537955;682
42000;-279252.4825005436;39412.090009303414;242.06229452699176;182.9252813362786;682
42100;-279616.98646782874;39935.429123092326;245.27655356957396;182.66145458733178;682
42200;-278155.3343071842;39209.220159109915;240.81630271542852;182.32521788094977;682
42300;-278243.10432671546;39981.910901754396;245.56203667879197;182.340661609118;682
42400;-278498.9428582096;40697.54776719934;249.9573555176766;182.33233343809556;682
42500;-277615.87709282874;40512.5074374883;248.82086956173484;182.62229097881578;681
42600;-277053.247301569;40161.51790331246;246.66515206546634;182.76708096096604;681
42700;-277431.2738823795;40444.47488484677;248.4030252964079;183.11526057504264;681
42800;-276993.0793023014;39991.34237990569;245.6199631993481;183.0359185709543;681
42900;-277056.358843317;40309.17501683289;247.57203672176217;182.86760422328442;681
43000;-277120.42994927405;40448.98840939009;248.43074658972427;183.15332485665272;681
43100;-276579.64479302405;40596.239111236064;249.33513513524755;183.01526013877663;681
43200;-276238.14522027015;40870.34080460109;251.01862070564002;183.01526013877663;681
43300;-276126.46650933265;40947.71486148273;251.49383888719828;182.796949030437;681
43400;-275581.8332085514;40872.54526658822;251.03216013292428;183.24538008671533;681
43500;-275826.823687067;41509.899361884134;254.94667962927898;183.1004058660036;681
43600;-275447.1528496647;41049.8130570841;252.1209084866156;183.18587775602415;681
43700;-274957.26912163734;41326.915680946666;253.82282525722562;183.84888636732742;681
43800;-275029.32405327796;41595.66647745157;255.47344653720782;184.08025635486968;681
43900;-274381.4834771061;41707.778744499665;256.1620208452407;184.12449751055797;681
44000;-274093.08955620765;41891.607782846986;257.29106725745936;184.40259328501176;681
44100;-274190.4418511295;41884.53147237637;257.24760577269933;184.3339018651104;681
44200;-273701.7066826725;41870.566232668585;257.1618336665641;184.5878255647129;681
44300;-273510.2364067936;41796.99992575066;256.7100020319508;184.30612444315744;681
44400;-273931.74373101234;42451.99542991422;260.7328720346649;184.32003418639036;681
44500;-273114.7333550358;41814.850402817596;256.8196365993185;184.47196737470136;681
44600;-273171.24788140296;41805.21158044133;256.76043660610867;184.6199875625426;681
44700;-272725.8896660709;42249.09099502221;259.4866678098175;184.73771285648846;680
44800;-272239.97780083655;42086.13494639221;258.48581971906367;184.68550530264878;680
44900;-272785.0925469303;42692.31788423937;262.20889131470244;184.66246033758975;680
45000;-272754.54573296546;42705.669617229374;262.2908953678422;184.6906053791659;680
45100;-272242.22596978187;42605.97968745488;261.6786169239243;185.0453720823371;680
45200;-271939.65877007484;42761.34503824572;262.63284425095884;185.5037527707092;680
45300;-271731.28666924476;43079.096464626375;264.5844189921301;185.89816604409512;680
45400;-271429.80971001624;43278.5045726134;265.8091493770255;186.05531144943663;680
45500;-270917.3369927311;43073.77111625753;264.55171161616977;185.90060059843083;680
45600;-271273.23005913734;43543.243005291675;267.43512740682434;185.78565904450622;680
45700;-270919.4125542545;43726.206635316135;268.55885862961037;185.4875050905112;680
45800;-270405.239702692;43894.67186885304;269.5935431887987;185.8139753687367;680
45900;-269987.2567620182;43644.39926289907;268.05641178469995;185.16893207794936;680
46000;-270195.2724785709;43748.19094269851;268.6938824734945;185.03804234289078;680
46100;-269685.90260552405;43602.803631900024;267.8009385560651;185.4065734033239;680
46200;-269193.0381646061;43687.27326678182;268.31973656024394;185.36812384029722;680
46300;-269840.57295464515;44264.43454610946;271.8645621087801;185.65018535555404;680
46400;-268864.6684136295;43879.41268639499;269.4998239083057;185.68446546884596;680
46500;-268995.6873955631;44115.376426685834;270.9490727146108;185.65447633652437;680
46600;-268682.3526177311;44287.12053652131;272.0038955694368;186.1803534307126;680
46700;-268205.9516549015;44241.63703256587;271.7245436921833;186.06075104067637;680
46800;-268218.1653923893;44354.62341168721;272.41848664659017;185.98668213312547;680
46900;-267835.04323052405;44441.79472017416;272.95387786649997;185.93192197288676;680
47000;-268238.0088066959;44369.06272821326;272.50717045120126;185.90058714470075;680
47100;-267957.57014702796;44364.352992046974;272.4782440597625;186.18010607104108;680
47200;-267718.95759819984;44942.55466565554;276.0294595314616;186.37813993239007;680
47300;-267437.8877739811;45223.474223070196;277.75481925304064;186.14327899104606;680
47400;-267458.3622612858;45465.6232429361;279.24205698522803;186.14327899104606;680
47500;-266712.7580132389;45375.32193043013;278.68744181767835;186.35881043503616;680
47600;-266557.7353081608;45172.07506805024;277.43913446195387;186.4142853507422;680
47700;-266686.7755913639;45890.50962038769;281.8516362137063;186.79911972161486;679
47800;-266451.866442194;45579.10516168934;279.93904345902956;187.01308328838715;679
47900;-266236.75192498206;45334.12854963343;278.43443914076835;187.31216334484287;679
48000;-266183.57939385413;45212.90075677505;277.68987883724685;187.5754877534898;679
48100;-265173.9275078678;45730.653532850556;280.86982755209476;187.95315140420877;679
48200;-264941.69893120765;46024.20735653234;282.6727847693043;187.94505237567972;679
48300;-265125.3741021061;45876.490719540976;281.76553453006295;188.2684433870459;679
48400;-265163.42421196937;46172.75046800147;283.5851110729819;188.14404017599003;679
48500;-265313.01716851234;45999.78850992676;282.52280840322845;188.20855311297288;679
48600;-264969.5029473209;46525.23359077447;285.75000193414485;188.2216533807541;679
48700;-263831.5019707584;46089.88031439716;283.076136808371;188.5336497201928;679
48800;-264722.0759758854;46993.589836607396;288.6265656356792;188.26545790537475;679
48900;-263664.09038018226;46483.367564691114;285.4928679852963;188.5829352394328;679
49000;-263811.93188714026;46571.923067815194;286.03676069116773;188.13883143122402;679
49100;-263654.7634148502;47114.612142249476;289.3698638719755;188.05160521770006;679
49200;-263201.35389946937;46695.608795638196;286.7964172095104;187.7121786826061;679
49300;-263522.1932396793;46942.37365325395;288.31200462517387;187.69881683799542;679
49400;-263357.5044884586;47125.064878511126;289.4340627846184;187.69519424074645;679
49500;-263471.5741753483;47192.87643678182;289.8505497404378;187.45352732475234;679
49600;-263207.12947319984;47301.405707890284;290.51711790217837;187.9624082853853;679
49700;-263257.24373101234;47533.18507149443;291.94066698482743;187.9476992019372;679
49800;-262877.01826714515;47270.13723988226;290.32507233670395;187.68608197125886;679
49900;-262653.32771538734;47366.414311719476;290.91638959274786;187.76869157255715;679
50000;-262688.9894585514;47674.43015552129;292.8081700561471;188.14698332293872;679
50100;-261528.8293023014;46921.783160928986;288.18554135422215;188.14973658373606;679
50200;-261717.93147515296;47357.46954587256;290.86145237565535;188.37402483964416;679
50300;-262426.57100152015;48362.258334302984;297.0326927129491;188.28215328206835;679
50400;-261267.89825676917;48083.542922114895;295.3208704731653;188.68585503402508;679
50500;-261263.13563775062;47991.13270184779;294.7533027559922;188.97892554623746;679
50600;-261210.91798638343;48357.65221446566;297.0044027152244;189.56640607539313;679
50700;-260524.31709527015;48167.10690013855;295.83410608831366;189.60179933672694;679
50800;-260332.19807671546;48207.517882616026;296.08230340899064;189.51003075573442;679
50900;-260321.1282524967;48379.83905618507;297.14067049025584;189.82919755218904;679
51000;-260149.95533989905;48513.25991411577;297.9601185073704;189.70440953319968;679
51100;-260131.41237114905;48926.275154527975;300.4967872489976;189.6185414864516;679
51200;-260475.24818657874;48789.66731192195;299.65776531882864;190.0158321906464;679
51300;-259623.82155083655;47940.062031963724;294.4396354642488;190.24883005554065;679
51400;-259767.68928765296;48419.8785951708;297.3865864687386;190.30765393536086;678
51500;-259106.71766900062;48345.3988124578;296.9291444225258;190.31898597528536;679
51600;-259534.4449639225;48524.458432454616;298.0288978855705;190.18761412369318;679
51700;-259582.27607964515;48523.475071647204;298.022858252216;189.8803479419837;678
51800;-259458.08728264808;48574.01627490064;298.3332736507598;190.23769663842828;678
51900;-259156.7487969303;48408.09951675229;297.31424139014155;190.55741642554577;678
52000;-259866.9505181217;49171.31171226851;302.0017597433684;190.61715414906985;678
52100;-258951.64686821937;48195.859495703946;296.0106995969179;191.02666013333618;678
52200;-259224.27992486;48569.974009297584;298.30844674899606;191.04480986213736;678
52300;-259121.99428032874;49145.06427016895;301.84055245751824;190.73726766458245;678
52400;-258541.5887932682;48919.88988924632;300.45757004521886;190.99933892366826;678
52500;-258508.70595025062;48901.5619793894;300.3450031675728;190.99933892366826;678
52600;-258698.1687188053;48873.68055791641;300.1737602607685;190.35161896386333;678
52700;-258308.74220513343;49335.74917674967;303.01170643609936;190.83783974418168;678
52800;-257755.6892266178;49327.76433024625;302.96266487891205;191.18122696964633;678
52900;-258423.0413689518;49335.70822398958;303.0114549112736;190.93186616224247;678
53000;-258833.6814141178;49595.76154652878;304.60865779846745;190.1671234770714;678
53100;-257886.99945305823;48789.29878382012;299.65550188245913;190.59844816291684;678
53200;-258214.27064751624;48469.13423247292;297.6891061417863;190.20018540734438;678
53300;-258032.89174126624;47958.79328567014;294.55467961061277;190.2559306404874;678
53400;-258814.31453179359;48655.8694157307;298.83600159740985;190.53217675324467;678
53500;-259218.05046319007;48942.38379709871;300.59572376775276;190.8485137430068;678
53600;-259280.6243462467;48343.70445474307;296.9187379681591;191.16539081258733;678
53700;-259178.45515679359;48272.8296552191;296.4834371101517;191.02870789107587;678
53800;-259484.40605401038;49136.21488982579;301.78620108182355;190.9501645262699;678
53900;-259305.5735802555;48793.31889240281;299.6801926996054;191.1545535091096;678
54000;-259255.72070549964;48812.25437019265;299.79649115524916;190.6480415794209;678
54100;-259535.31065606116;48899.3442662193;300.33138235379636;190.58712564396745;678
54200;-259602.97542046546;48809.11637381336;299.7772181199037;190.72973928193082;678
54300;-259542.68721245765;48801.27674726839;299.72906847878437;190.53573929427856;678
54400;-259674.67964409827;49013.99308815668;301.0355357467382;190.39488370255734;678
54500;-259387.84063195228;48771.20490404614;299.54437237742775;190.6305395977776;678
54600;-259406.53636406898;48949.26824108185;300.6380068414672;190.92866512551495;678
54700;-259065.52876519202;48778.0790712185;299.58659233273363;191.25388117071094;678
54800;-259423.05757378577;48566.43943548616;298.286738003107;190.7188619784188;678
54900;-259095.03511284827;48763.95641280213;299.4998533879002;190.70824949523544;678
55000;-258473.19276665687;48305.46494227613;296.6838774437069;190.8826448913277;678
55100;-258963.47461174964;49383.58407519397;303.30550017485206;191.09448686461724;678
55200;-258699.57905816077;49465.46048725746;303.80837104942503;190.66150700336445;677
55300;-258325.01704644202;49025.61411316551;301.1069100884117;190.5525139367228;677
55400;-258520.20802544593;49157.244902271894;301.91536380994665;190.3123471173282;677
55500;-259199.1204399967;49275.08650252316;302.6391266994768;190.40092029125697;677
55600;-258536.4259819889;48835.5758862205;299.9397279051961;190.36302419171852;677
55700;-258846.27553032874;49175.69745325367;302.0286962119956;190.07630077234074;677
55800;-258839.3366875553;48748.13542573247;299.40268359987675;190.13845443404009;677
55900;-259303.97761773109;49383.41398812854;303.3044555292797;190.46951942420966;677
56000;-258565.17354058265;48723.88342441311;299.2537319689216;190.81982070478972;677
56100;-259155.26991509437;49122.6337344785;301.7027879559295;190.56062066646606;677
56200;-258760.59553765296;49049.91670424538;301.25617243299575;190.45831982471037;677
56300;-258679.6657891178;49134.415914184254;301.7751520821007;190.21451275597664;677
56400;-258305.90104149817;49217.58512369089;302.2859630967518;190.17779805940404;677
56500;-258551.34096001624;49012.84484773548;301.0284834510858;190.04896442650656;677
56600;-258827.0195946598;48959.02744376357;300.69794618985827;190.18991425551926;677
56700;-258465.56025933265;48668.06884108373;298.9109283747558;190.45822959796442;677
56800;-258799.12752007484;49553.6054216834;304.3497421127977;190.9318238252172;677
56900;-258411.14052056312;49095.50896505767;301.53619227620356;191.26054807847387;677
57000;-259067.7570366764;49526.764044238575;304.184886977964;190.99718282035158;677
57100;-258879.79054497718;48788.017644401756;299.6476333439689;191.18624627148293;677
57200;-259162.34041069984;49098.248924016545;301.5530206340079;190.8683643351325;677
57300;-259499.74263237952;49268.74789597746;302.60019606564856;190.8443608122257;677
57400;-258998.95454644202;48891.319540045224;300.28209586251444;191.0261863516845;677
57500;-259043.26570366859;48791.70255234453;299.67026541629843;189.93903547822563;677
57600;-259175.379534235;48463.56804495689;297.65491957310695;189.25096005807487;677
57700;-259484.35849236487;49115.26088395386;301.65750517303786;189.02541723018288;677
57800;-259426.4436821842;48957.3662382866;300.68774335084777;188.90391538098166;677
57900;-259664.91237114905;49159.75979136268;301.93080982723865;189.01151181375388;677
58000;-260164.9221978092;49412.440818468924;303.48273334081875;188.37613902432383;677
58100;-259308.96528862952;48391.41623900423;297.21177556072286;189.05773311941226;677
58200;-259277.0343804264;49424.94918316812;303.5595575706212;189.2201756179567;677
58300;-259173.73604058265;49659.89304482704;305.00254245735937;189.3490151234267;677
58400;-258692.95552300452;48897.61799117159;300.3207798686469;189.03468516807058;677
58500;-258531.88562249183;48830.9193285238;299.9111281267932;189.7180181159828;677
58600;-258828.1730523014;49516.34538531443;304.1208973624811;189.7069143084246;677
58700;-258805.08985375403;49334.101546433056;303.00158697339447;190.05248788980256;677
58800;-258206.05253838538;48746.44637768995;299.3923097566058;190.15280047892452;677
58900;-258948.13630913734;49283.99818431644;302.6938607199884;190.0666379082214;677
59000;-258746.1376213932;49186.57158618816;302.0954832707;190.33238850671844;677
59100;-258127.5110649967;49167.12567046122;301.9760497928273;190.3150742886931;677
59200;-258355.3777031803;49097.01243306248;301.54542631872465;190.10909671428212;676
59300;-258079.37288140296;48977.8081405671;300.8132940072413;190.13971621533432;676
59400;-258161.56581353187;49013.651286397595;301.03343645898013;190.69550166864403;676
59500;-258226.7574639225;49111.664085438475;301.63541425369357;190.509634068621;676
59600;-258268.91658257484;49245.736485097295;302.458863928311;190.6158270318674;676
59700;-258301.85243462562;48980.494824542664;300.8297951592392;190.1290586986237;676
59800;-258563.76646660804;49464.540518802125;303.80272076102017;190.05861802768874;676
59900;-258356.45839165687;48694.98330437904;299.0762323903431;189.92122855714825;676
60000;-259425.69874810218;49389.26819559152;303.3404110670548;190.2594059910528;676
60100;-259214.39912652015;48996.75214388338;300.9296448252057;190.1610095573387;676
60200;-258702.4782891178;48953.37004107563;300.66319939324376;190.2305150505273;676
60300;-258856.77400444984;49068.97429788369;301.3732209032282;190.64205156902906;676
60400;-258754.87553643226;48851.20390871592;300.03571253791335;190.27795096086268;676
60500;-259523.35945366859;49291.67641031995;302.7410190666751;190.219951715356;676
60600;-259488.53560112952;49239.797392059874;302.42238703790224;190.28365453992967;676
60700;-259071.65077446937;48766.1988890128;299.51362629202293;190.55858206673443;676
60800;-259535.30275200843;49161.74255257193;301.9429876063845;190.83341136461542;676
60900;-259340.0950493717;49090.87864106952;301.5077536207374;190.5356354731869;676
61000;-259017.40303277015;48702.78168718703;299.1241287195064;190.36641038831655;676
61100;-259658.9630913639;49077.30234704015;301.42437035222395;190.35327145115454;676
61200;-259192.26155327796;48837.72963723703;299.95295587439995;190.50880621695703;676
61300;-259000.02821587562;48418.64287620655;297.3789968948843;190.68955527281094;676
61400;-259124.97346734046;48319.557193636545;296.7704296336199;190.62285287850978;676
61500;-259539.53602837562;48505.1267286347;297.9101658776343;190.78649896185905;676
61600;-259027.5269951725;48391.13297498075;297.210035801693;190.9532766162503;676
61700;-258893.9475884342;48362.79369623773;297.0359808140951;191.05631008643437;676
61800;-259222.90010308265;48176.527405976085;295.8919652188013;191.18134409990472;676
61900;-259535.39656304359;48620.552065298776;298.6190884907934;191.10040226777764;676
62000;-259812.2338738346;49038.89253197197;301.1884638584154;191.21847823561674;676
62100;-259751.68159722327;49021.50341218966;301.08166286833045;190.98858600988643;676
62200;-259796.84062432288;48791.562808321556;299.6694071324865;190.61041810207468;676
62300;-259924.2554802799;48948.14351723855;300.6310989806013;190.53877016783645;676
62400;-259003.8837151432;48122.791017850395;295.56192554300065;190.43506128355315;676
62500;-259744.5822319889;48915.54455921962;300.4308817737648;190.6564894216238;676
62600;-259381.3078179264;49057.42291951296;301.3022743192559;190.5879963582722;676
62700;-259373.66377495765;48930.2793303401;300.5213802098008;190.08897940411183;676
62800;-258953.72978447913;48923.169131978764;300.47771059143037;190.27708888996824;676
62900;-259152.102190485;49270.250100625795;302.60942234885096;189.93753247000816;676
63000;-258521.38460015296;48715.28422687971;299.2009171731182;190.05500492822543;676
63100;-259085.53895806312;48983.394512002356;300.8476045420894;190.44669235136075;676
63200;-258914.31624077796;48672.266859827796;298.9367118855875;190.4024259023964;676
63300;-259128.37587212562;48794.31988516491;299.6863406254003;190.52802609481984;676
63400;-258972.79046868323;48838.425854213536;299.957231919613;190.66515622947594;676
63500;-258783.30427788734;48317.310765416594;296.7566324569342;190.7012381668776;676
63600;-259232.2107262516;48867.53197871242;300.1359967422683;190.6004710571163;676
63700;-259528.56794976234;48997.71105238053;300.9355342766661;190.79631271695104;676
63800;-259169.11299370765;48648.999218265526;298.7938060233644;191.10618372799814;676
63900;-259281.11650322913;48948.14722082997;300.6311217274243;191.1213881134742;676
64000;-258803.94618462562;48835.33738815738;299.93826309101377;190.86392969223454;676
64100;-258679.56328057288;48862.677251667425;300.10617984173;190.63940680955258;676
64200;-259103.74458550452;49482.51681738545;303.91312810255306;190.28217606682375;676
64300;-258761.48854302405;49059.95174550878;301.3178059346273;190.7012141406087;676
64400;-259002.13032769202;49218.09815471433;302.28911404527213;190.71714186953992;675
64500;-258930.20588921546;49160.931726668496;301.9380076528068;190.15904824357742;675
64600;-258334.22334527015;48597.017923370004;298.47454582904527;190.75482427111552;675
64700;-258814.67384575843;48704.779791395646;299.1364007327218;190.9811025379098;675
64800;-259096.90614556312;48894.74103064787;300.30311007073794;190.82980381423013;675
64900;-259079.31141900062;48443.143052592;297.5294727745136;190.97534799156367;675
65000;-258929.70985650062;48928.22100327851;300.5087383181554;190.7390766225146;675
65100;-258643.13807915687;48924.42599366774;300.4854300202723;190.5538045488485;675
65200;-258691.57158135413;49033.908833995054;301.15785484054203;190.6983215323542;675
65300;-259288.65712212562;49056.67337988177;301.2976707754468;190.44646909920166;675
65400;-259225.21888970374;49182.768171176314;302.07212334828563;190.3506479878947;675
65500;-259031.08577202796;48841.10964129376;299.9737152793767;189.89473730013276;675
65600;-259504.9759087467;49161.47645838931;301.94135330157116;189.51685083439193;675
65700;-259209.1096978092;49088.47278593993;301.49297727132705;189.08536495952004;675
65800;-259356.5624031925;49112.01361935586;301.63756103104123;189.04516815188362;675
65900;-259013.82167290687;48442.67624432326;297.52660571822173;189.48472980083133;675
66000;-259465.2766899967;48578.6218210535;298.36156012501294;189.0007894913587;675
66100;-259557.3034844303;49117.638357777614;301.67210720933736;189.12991123669994;675
66200;-259477.35084771155;48947.361116787186;300.6262936112729;189.0917123505224;675
66300;-259504.89949273109;48842.511022662744;299.9823223232965;189.45135861320242;675
66400;-259179.0416130924;48375.210140954936;297.11224048713973;189.7654125482726;675
66500;-259202.3532814884;48571.44428651943;298.31747693942305;189.67833085269487;675
66600;-259596.69325493812;48853.715482265165;300.05113819171805;189.42811105310574;675
66700;-259762.76460503577;49032.50921179983;301.1492586011655;189.34364110442323;675
66800;-259873.89326714515;49032.30769962445;301.1480209479597;189.31020587042667;675
66900;-259222.44819878577;48878.46860671474;300.2031676349564;189.43166659023987;675
67000;-259207.22041558265;48675.68638658896;298.9577140322336;189.39988326693577;675
67100;-259149.82918023109;48880.12491741881;300.21334041111174;189.4686106435986;675
67200;-259426.71443413734;48883.30121089355;300.2328486606465;189.5368038464011;675
67300;-259014.2927422428;48409.9602671123;297.3256697995859;189.6406761152649;675
67400;-259495.88624810218;48893.87895856786;300.2978153719365;190.17115361684532;675
67500;-259037.17128228187;48669.46203890513;298.9194851567305;190.50807919862183;675
67600;-258955.31001519202;48537.11127906607;298.1066094984878;190.38130469150062;675
67700;-259199.41273736;48505.00195726851;297.9093995533114;189.74357241068554;675
67800;-259154.86830376624;48397.85786462086;297.2513389200088;189.7039888714562;675
67900;-259693.8810601139;48493.38495586527;297.838049923933;190.10114312369367;675
68000;-259558.16435479163;48493.80835031159;297.8406503399765;190.04378511005834;675
68100;-259196.38432549476;48625.11342762539;298.64710359556676;189.90977248486607;675
68200;-259321.5236382389;49035.33155774861;301.166592965726;189.7332958359242;675
68300;-258827.63728569984;48325.87182326184;296.8092130053169;189.76448052291443;675
68400;-259184.74019097327;48467.82475183182;297.6810635363688;190.26311502570286;675
68500;-259450.88972710609;48586.70950722601;298.4112333058027;190.17832784067542;675
68600;-259539.9173149967;48933.79934694583;300.5429995478302;190.1793934644287;675
68700;-259284.33229302405;48287.94788227137;296.57629066672763;189.89350265983327;675
68800;-259043.08070611;48186.46144968853;295.95297841080406;189.87376582947718;675
68900;-259645.10963677405;48945.05989787367;300.6121599195483;189.27653571757415;675
69000;-259582.1120781803;48482.16132184677;297.76911628953786;189.36945345813552;675
69100;-259391.44716118812;48130.035578233656;295.60642038985594;189.3722045551198;675
69200;-259866.5520806217;49231.8645000956;302.37366457658004;189.14427501820876;675
69300;-259095.82533501624;48553.02457301249;298.2043462195103;189.2869246520754;675
69400;-259006.5652031803;48607.482670244586;298.53881850881197;189.67965128373527;675
69500;-259266.59831475257;49082.9035489239;301.458771973142;189.583908700736;675
69600;-259219.966845026;48952.477288632654;300.65771626091714;189.8071989411543;675
69700;-259441.63179253577;48895.18262791599;300.3058222853896;189.8925615415924;675
69800;-258956.66548394202;48123.785007006314;295.56803045384805;190.2762857595862;675
69900;-259214.49077080726;48657.234614830115;298.84438641603816;190.2214067284331;675
70000;-259499.92732476234;48490.94185979664;297.8230448470649;189.9149848329727;674
